,Perc_probability,worry,flood_experience,perc_damage,self_efficacy_DP,self_efficacy_WP,resp_efficacy_DP,resp_efficacy_WP,perc_cost_DP,perc_cost_WP,implemented_DP,implemented_WP,perc_risk
3,0.0,0.0,0,0.0,0.0,0.0,1.0,1.0,1.0,1.0,0.0,0.0,0.0
5,0.0,0.0,0,0.5,0.0,0.0,0.5,0.5,0.8333333333333333,0.9166666666666667,0.0,0.0,0.0
6,0.0,0.0,0,0.0,0.0,0.0,0.0,0.0,1.0,1.0,0.0,0.0,0.0
7,0.0,0.0,0,0.0,0.8333333333333333,0.0,0.33333333333333337,0.16666666666666669,0.5,0.9166666666666667,0.0,0.0,0.0
8,0.0,0.25,0,0.0,0.5833333333333334,0.33333333333333337,0.5833333333333334,0.6666666666666666,0.5,0.75,0.0,1.0,0.0
9,0.0,0.25,0,0.25,0.75,0.16666666666666669,0.5,0.0,0.5,1.0,0.0,0.0,0.0
10,1.0,1.0,1,0.5,0.0,0.0,0.5,0.75,1.0,1.0,0.0,0.0,0.5
11,0.0,0.0,0,0.0,0.16666666666666669,0.16666666666666669,0.08333333333333331,0.16666666666666669,0.41666666666666663,0.6666666666666666,0.0,0.0,0.0
12,0.02,0.25,0,0.25,0.33333333333333337,0.0,0.8333333333333333,0.5833333333333334,0.8333333333333333,1.0,0.0,0.0,0.005
14,0.0,0.0,1,0.0,0.0,0.0,0.0,0.33333333333333337,0.5833333333333334,0.9166666666666667,0.0,0.0,0.0
15,0.001,0.0,0,1.0,0.25,0.0,0.6666666666666666,0.5,0.9166666666666667,0.8333333333333333,0.0,0.0,0.001
16,0.0,0.0,0,0.0,0.5833333333333334,0.33333333333333337,0.25,0.25,0.41666666666666663,0.5,0.0,0.0,0.0
17,0.0,0.25,0,0.25,0.41666666666666663,0.08333333333333331,0.41666666666666663,0.41666666666666663,0.33333333333333337,0.8333333333333333,0.0,0.0,0.0
19,0.001,0.0,1,0.0,0.0,0.0,0.5,0.5833333333333334,0.75,0.75,0.0,0.0,0.0
24,0.0,0.0,0,0.0,0.0,0.0,0.0,0.0,0.5,0.8333333333333333,0.0,0.0,0.0
26,0.0,0.0,0,0.0,0.5,0.5,0.41666666666666663,0.5833333333333334,0.5,0.75,0.0,0.0,0.0
29,0.002,0.0,0,0.0,0.33333333333333337,0.5833333333333334,0.5,0.41666666666666663,0.25,0.5,0.0,0.0,0.0
30,0.0,0.0,0,0.0,0.5,0.75,0.5,0.5,1.0,1.0,0.0,0.0,0.0
31,0.002,0.0,1,0.25,0.5,0.75,0.41666666666666663,0.8333333333333333,0.33333333333333337,0.41666666666666663,0.0,0.0,0.0005
32,0.0,0.0,0,0.0,0.0,0.0,0.25,0.25,1.0,1.0,0.0,0.0,0.0
36,0.0,0.0,0,0.0,0.0,0.0,0.5,0.5,1.0,1.0,0.0,0.0,0.0
37,0.001,0.0,0,0.0,0.5,0.25,0.33333333333333337,0.16666666666666669,0.16666666666666669,0.6666666666666666,0.0,0.0,0.0
40,0.001,0.0,0,0.25,0.0,0.0,0.0,0.0,1.0,1.0,0.0,0.0,0.00025
44,0.0,0.0,1,0.0,0.33333333333333337,0.0,0.16666666666666669,0.0,0.9166666666666667,0.8333333333333333,0.0,0.0,0.0
46,0.001,0.0,0,0.0,0.0,0.16666666666666669,0.5,0.25,0.75,0.33333333333333337,0.0,0.0,0.0
49,0.0,0.0,0,0.0,0.5,0.33333333333333337,0.33333333333333337,0.5833333333333334,0.6666666666666666,0.8333333333333333,0.0,1.0,0.0
51,0.01,0.0,0,0.5,0.5,0.41666666666666663,0.33333333333333337,0.5,0.9166666666666667,0.9166666666666667,0.0,0.0,0.005
52,0.001,0.25,0,0.0,0.41666666666666663,0.0,0.33333333333333337,0.33333333333333337,0.6666666666666666,0.9166666666666667,0.0,0.0,0.0
53,0.002,0.25,0,0.5,0.5833333333333334,0.41666666666666663,0.5833333333333334,0.6666666666666666,0.5833333333333334,0.75,0.0,0.0,0.001
54,0.02,0.5,1,0.25,0.6666666666666666,0.25,0.16666666666666669,0.08333333333333331,0.9166666666666667,0.8333333333333333,0.0,0.0,0.005
56,0.0,0.0,0,0.25,0.0,0.0,0.16666666666666669,0.0,1.0,0.8333333333333333,0.0,0.0,0.0
57,0.0,0.0,0,0.0,0.0,0.0,0.6666666666666666,0.5833333333333334,0.75,0.41666666666666663,0.0,0.0,0.0
58,0.005,0.5,0,1.0,0.25,0.0,0.5,0.5,0.5,0.75,0.0,1.0,0.005
61,0.001,0.0,0,0.5,0.25,0.0,0.16666666666666669,0.5,0.5,0.9166666666666667,0.0,0.0,0.0005
65,0.001,0.0,1,0.0,0.16666666666666669,0.33333333333333337,0.0,0.08333333333333331,0.5,0.6666666666666666,0.0,0.0,0.0
66,0.002,0.25,0,0.5,0.0,0.0,0.9166666666666667,0.6666666666666666,1.0,1.0,0.0,0.0,0.001
67,0.0,0.25,1,0.0,0.16666666666666669,0.33333333333333337,0.0,0.0,1.0,1.0,0.0,0.0,0.0
69,0.0,0.0,0,0.25,0.33333333333333337,0.16666666666666669,0.16666666666666669,0.33333333333333337,0.5833333333333334,0.75,0.0,0.0,0.0
70,0.001,0.25,0,0.0,0.41666666666666663,0.08333333333333331,0.6666666666666666,0.5833333333333334,0.75,0.8333333333333333,0.0,0.0,0.0
74,0.0,0.0,0,0.0,0.33333333333333337,0.0,0.5,1.0,0.33333333333333337,1.0,0.0,0.0,0.0
75,0.001,0.0,0,0.0,0.0,0.0,0.41666666666666663,0.5833333333333334,0.75,0.8333333333333333,0.0,0.0,0.0
77,0.0,0.0,0,0.0,0.25,0.25,0.5833333333333334,0.6666666666666666,1.0,1.0,0.0,0.0,0.0
79,0.02,0.25,0,0.25,0.5833333333333334,0.33333333333333337,0.5,0.25,0.9166666666666667,0.8333333333333333,0.0,0.0,0.005
82,0.0,0.0,0,0.0,0.0,0.0,0.0,0.0,1.0,1.0,0.0,0.0,0.0
83,0.0,0.0,0,0.0,0.0,0.0,0.0,0.0,1.0,1.0,0.0,0.0,0.0
84,0.001,0.0,0,0.0,0.0,0.0,0.5,0.33333333333333337,0.9166666666666667,0.9166666666666667,0.0,0.0,0.0
85,0.01,0.25,0,0.25,0.0,0.16666666666666669,0.25,0.33333333333333337,0.9166666666666667,1.0,0.0,1.0,0.0025
86,0.02,0.5,1,0.5,0.0,0.0,0.41666666666666663,0.5,0.8333333333333333,0.8333333333333333,0.0,0.0,0.01
87,0.0,0.0,0,0.0,0.25,0.16666666666666669,0.5833333333333334,0.5833333333333334,0.5833333333333334,0.8333333333333333,0.0,0.0,0.0
89,0.001,0.5,0,0.0,0.33333333333333337,0.75,0.25,0.41666666666666663,1.0,0.9166666666666667,0.0,0.0,0.0
90,0.0,0.0,1,0.0,0.0,0.0,0.5,0.16666666666666669,1.0,1.0,0.0,0.0,0.0
91,0.01,0.25,0,0.25,0.5,0.0,0.75,0.5833333333333334,1.0,1.0,0.0,0.0,0.0025
92,0.0,0.0,0,0.0,0.5,0.41666666666666663,0.25,0.16666666666666669,0.9166666666666667,0.9166666666666667,0.0,0.0,0.0
94,0.0,0.0,0,0.0,0.0,0.0,1.0,1.0,1.0,1.0,0.0,0.0,0.0
95,0.0,0.0,0,0.0,0.0,0.0,0.5,0.8333333333333333,0.9166666666666667,0.8333333333333333,0.0,0.0,0.0
97,0.005,0.0,0,0.5,0.0,0.0,0.0,0.0,1.0,0.8333333333333333,0.0,0.0,0.0025
98,0.0,0.0,1,0.0,1.0,0.0,0.0,0.0,0.5,0.75,0.0,1.0,0.0
100,0.001,0.0,0,0.25,0.8333333333333333,0.5833333333333334,0.0,0.0,0.41666666666666663,0.75,0.0,0.0,0.00025
103,0.001,0.25,0,1.0,0.5,0.16666666666666669,0.33333333333333337,0.16666666666666669,0.41666666666666663,0.9166666666666667,0.0,0.0,0.001
104,0.01,0.25,1,0.25,0.08333333333333331,0.08333333333333331,0.75,0.75,0.75,0.8333333333333333,0.0,0.0,0.0025
105,0.0,0.0,0,0.0,0.0,0.0,0.0,0.0,1.0,1.0,0.0,0.0,0.0
106,0.001,0.0,0,0.0,0.33333333333333337,0.41666666666666663,0.5833333333333334,0.6666666666666666,0.33333333333333337,0.8333333333333333,0.0,0.0,0.0
108,0.01,0.25,0,0.0,0.5,0.75,0.33333333333333337,0.5,0.5,0.6666666666666666,0.0,0.0,0.0
109,0.001,0.25,1,0.25,0.0,0.0,0.0,0.0,0.5,0.6666666666666666,0.0,0.0,0.00025
110,0.0,0.0,1,0.0,0.0,0.08333333333333331,0.0,0.0,0.6666666666666666,0.8333333333333333,0.0,0.0,0.0
111,0.0,0.0,0,0.0,0.5,0.6666666666666666,0.5,0.5,1.0,0.9166666666666667,0.0,0.0,0.0
112,0.0,0.0,0,0.0,0.75,0.41666666666666663,0.75,0.41666666666666663,0.6666666666666666,0.75,0.0,0.0,0.0
113,0.001,0.0,0,0.0,0.0,0.33333333333333337,0.16666666666666669,0.33333333333333337,0.75,0.6666666666666666,0.0,0.0,0.0
114,0.1,0.0,1,0.0,0.0,0.0,0.5,0.0,1.0,1.0,0.0,0.0,0.0
115,0.0,0.0,0,0.0,0.0,0.0,0.5,0.5,1.0,1.0,0.0,0.0,0.0
117,0.0,0.0,0,0.0,0.0,0.08333333333333331,0.33333333333333337,0.5833333333333334,0.75,0.6666666666666666,0.0,0.0,0.0
118,0.0,0.0,0,0.0,0.0,0.0,0.0,0.0,0.33333333333333337,0.6666666666666666,0.0,0.0,0.0
119,0.02,0.25,0,0.0,0.0,0.08333333333333331,0.5,0.41666666666666663,0.9166666666666667,0.9166666666666667,0.0,0.0,0.0
122,0.0,0.0,0,0.0,0.0,0.0,0.0,0.0,1.0,1.0,0.0,0.0,0.0
123,0.001,0.0,1,0.25,0.41666666666666663,0.41666666666666663,0.33333333333333337,0.75,0.8333333333333333,0.6666666666666666,0.0,0.0,0.00025
124,0.0,0.0,0,0.25,0.16666666666666669,0.5,0.0,0.0,0.6666666666666666,0.8333333333333333,0.0,0.0,0.0
125,0.0,0.0,0,0.0,0.0,0.0,0.5,0.5,1.0,1.0,0.0,0.0,0.0
126,0.0,0.0,0,0.0,0.0,0.0,1.0,1.0,1.0,1.0,0.0,0.0,0.0
127,0.0,0.0,0,0.0,0.75,0.41666666666666663,0.41666666666666663,0.5833333333333334,0.41666666666666663,0.6666666666666666,0.0,0.0,0.0
129,0.001,0.25,0,0.0,0.8333333333333333,0.33333333333333337,0.5833333333333334,0.41666666666666663,0.5,0.8333333333333333,0.0,0.0,0.0
131,0.0,0.0,0,0.0,0.9166666666666667,0.75,0.5,0.5833333333333334,0.16666666666666669,0.5,0.0,0.0,0.0
132,0.0,0.0,0,0.5,0.0,0.0,0.0,0.0,1.0,1.0,0.0,0.0,0.0
135,0.0,0.0,0,0.0,0.33333333333333337,0.0,0.0,0.0,1.0,0.9166666666666667,0.0,0.0,0.0
139,0.002,0.25,0,0.25,0.5833333333333334,0.33333333333333337,0.6666666666666666,0.8333333333333333,0.5833333333333334,0.8333333333333333,0.0,0.0,0.0005
140,0.02,0.0,1,0.0,0.0,0.0,0.08333333333333331,0.0,0.8333333333333333,0.41666666666666663,0.0,0.0,0.0
141,0.001,0.0,0,0.25,0.8333333333333333,0.6666666666666666,0.41666666666666663,0.5,0.5,0.6666666666666666,0.0,0.0,0.00025
142,0.0,0.25,0,0.75,0.5,0.5833333333333334,0.41666666666666663,0.6666666666666666,0.5833333333333334,0.5833333333333334,1.0,1.0,0.0
144,0.0,0.0,0,0.5,0.16666666666666669,0.0,0.75,0.8333333333333333,1.0,0.75,0.0,0.0,0.0
146,0.0,0.25,0,0.0,0.75,0.5,0.5,0.41666666666666663,0.5,0.5833333333333334,0.0,0.0,0.0
147,0.001,0.25,0,0.75,0.5,0.41666666666666663,0.25,0.41666666666666663,0.5,0.6666666666666666,0.0,0.0,0.00075
151,0.01,0.25,0,0.5,0.16666666666666669,0.08333333333333331,0.33333333333333337,0.5,0.5833333333333334,0.75,0.0,0.0,0.005
158,0.0,0.25,1,0.5,0.75,0.75,1.0,1.0,0.6666666666666666,0.6666666666666666,1.0,1.0,0.0
160,0.001,0.0,0,0.0,0.5833333333333334,0.5,0.75,0.5,0.33333333333333337,0.5,0.0,0.0,0.0
163,0.0,0.0,0,0.0,0.0,0.0,0.8333333333333333,0.75,0.5,0.75,0.0,0.0,0.0
166,0.002,0.25,0,0.0,0.6666666666666666,0.5,0.5,0.16666666666666669,0.5833333333333334,0.41666666666666663,1.0,0.0,0.0
167,0.002,0.0,0,0.25,0.0,0.0,0.41666666666666663,0.0,0.8333333333333333,0.8333333333333333,0.0,0.0,0.0005
169,0.1,0.25,1,0.5,0.0,0.0,0.16666666666666669,0.5,0.75,0.8333333333333333,0.0,0.0,0.05
171,0.001,0.0,0,0.75,0.5,0.33333333333333337,0.25,0.33333333333333337,0.5,0.9166666666666667,0.0,0.0,0.00075
172,0.001,0.0,1,0.0,0.0,0.0,0.6666666666666666,0.41666666666666663,0.75,0.9166666666666667,0.0,0.0,0.0
173,0.1,0.25,0,0.0,0.0,0.0,0.25,0.5,0.5833333333333334,0.75,0.0,0.0,0.0
176,0.0,0.0,0,0.25,0.5833333333333334,0.25,0.5833333333333334,0.41666666666666663,0.41666666666666663,0.8333333333333333,0.0,0.0,0.0
177,0.0,0.0,0,0.0,0.5833333333333334,0.33333333333333337,0.41666666666666663,0.33333333333333337,1.0,0.9166666666666667,0.0,0.0,0.0
178,0.0,0.0,0,0.0,0.0,0.0,0.6666666666666666,0.75,0.8333333333333333,1.0,0.0,0.0,0.0
180,0.0,0.0,0,0.0,0.0,0.0,0.0,0.0,0.75,0.75,0.0,0.0,0.0
181,0.0,0.0,0,0.0,0.0,0.33333333333333337,0.41666666666666663,0.5,0.75,0.75,0.0,1.0,0.0
183,0.0,0.25,1,0.75,0.6666666666666666,0.5,0.75,0.5,0.75,0.5833333333333334,0.0,0.0,0.0
185,0.0,0.0,0,0.0,1.0,0.75,1.0,1.0,0.75,0.75,0.0,0.0,0.0
187,0.02,0.25,1,0.75,0.08333333333333331,0.41666666666666663,0.9166666666666667,0.5833333333333334,0.75,0.6666666666666666,0.0,0.0,0.015
188,0.0,0.0,0,0.0,0.5833333333333334,0.5,0.5,0.5,0.5,0.5,0.0,1.0,0.0
191,0.001,0.0,0,0.25,0.25,0.33333333333333337,0.75,0.5833333333333334,0.75,0.75,0.0,0.0,0.00025
192,0.005,0.5,1,0.5,0.41666666666666663,0.41666666666666663,0.5833333333333334,0.33333333333333337,0.33333333333333337,0.25,0.0,0.0,0.0025
195,0.0,0.0,0,0.75,0.0,0.33333333333333337,0.5,0.33333333333333337,0.75,0.6666666666666666,0.0,0.0,0.0
196,0.0,0.0,1,0.0,1.0,0.0,0.16666666666666669,0.08333333333333331,0.5,0.8333333333333333,0.0,0.0,0.0
199,0.001,0.25,0,0.0,0.5833333333333334,0.5,0.33333333333333337,0.5,0.5833333333333334,0.8333333333333333,0.0,0.0,0.0
200,0.0,0.0,1,0.0,0.25,0.16666666666666669,0.0,0.0,0.5,0.8333333333333333,0.0,0.0,0.0
201,0.001,0.0,0,0.5,0.25,0.25,0.33333333333333337,0.41666666666666663,0.5,0.6666666666666666,0.0,0.0,0.0005
203,0.0,0.25,0,0.0,0.33333333333333337,0.16666666666666669,0.9166666666666667,0.6666666666666666,1.0,1.0,0.0,1.0,0.0
204,0.001,0.0,0,0.0,0.0,0.0,0.0,0.0,0.75,1.0,0.0,0.0,0.0
205,0.005,0.25,0,0.75,0.08333333333333331,0.08333333333333331,0.41666666666666663,0.5833333333333334,0.9166666666666667,0.9166666666666667,0.0,0.0,0.00375
207,0.001,0.25,1,0.25,0.6666666666666666,0.33333333333333337,0.5,0.8333333333333333,0.8333333333333333,0.75,0.0,0.0,0.00025
210,0.0,0.0,0,0.5,0.0,0.0,0.0,0.0,0.0,0.0,0.0,1.0,0.0
211,0.0,0.0,0,0.0,0.75,0.75,0.75,0.9166666666666667,1.0,0.75,0.0,0.0,0.0
213,0.0,0.0,0,0.75,0.25,0.33333333333333337,0.0,0.0,0.6666666666666666,1.0,0.0,0.0,0.0
216,0.0,0.0,0,0.25,0.0,0.0,0.0,0.0,1.0,1.0,0.0,1.0,0.0
218,0.0,0.0,0,1.0,0.0,0.0,0.08333333333333331,0.0,0.6666666666666666,0.6666666666666666,0.0,0.0,0.0
219,0.001,0.25,1,0.0,0.33333333333333337,0.25,0.33333333333333337,0.5833333333333334,0.41666666666666663,0.75,0.0,0.0,0.0
221,0.0,0.0,0,0.0,0.5833333333333334,1.0,0.9166666666666667,0.8333333333333333,0.6666666666666666,0.41666666666666663,0.0,0.0,0.0
222,0.001,0.0,0,1.0,0.5,0.5,0.5,0.5,0.5833333333333334,0.8333333333333333,0.0,0.0,0.001
223,0.1,0.5,0,0.75,0.0,0.0,0.75,0.5833333333333334,0.75,0.9166666666666667,0.0,0.0,0.07500000000000001
224,0.001,1.0,1,0.75,0.6666666666666666,0.75,0.5,0.41666666666666663,0.5833333333333334,0.6666666666666666,0.0,0.0,0.00075
226,0.0,0.0,0,0.0,0.0,0.0,0.0,0.0,1.0,1.0,0.0,0.0,0.0
229,0.0,0.0,0,0.25,0.0,0.0,0.5,0.6666666666666666,0.5,0.5833333333333334,0.0,0.0,0.0
232,0.001,0.0,0,0.25,0.5833333333333334,0.5,0.41666666666666663,0.75,0.41666666666666663,0.6666666666666666,0.0,0.0,0.00025
233,0.02,0.25,0,0.25,0.33333333333333337,0.25,0.16666666666666669,0.16666666666666669,0.5833333333333334,0.8333333333333333,0.0,0.0,0.005
237,0.001,0.25,1,0.0,0.25,0.0,1.0,0.5833333333333334,0.75,1.0,0.0,0.0,0.0
238,0.0,0.0,0,0.0,0.0,0.0,0.33333333333333337,0.0,0.6666666666666666,0.75,0.0,0.0,0.0
242,0.0,0.0,0,0.0,1.0,1.0,0.0,0.0,0.25,0.75,0.0,0.0,0.0
243,0.0,0.0,0,0.0,0.41666666666666663,0.25,0.5833333333333334,0.8333333333333333,0.5833333333333334,0.9166666666666667,0.0,0.0,0.0
244,0.0,0.0,0,0.0,0.0,0.0,0.5,0.5,0.5,0.5,0.0,0.0,0.0
245,0.0,0.0,0,0.25,0.25,0.41666666666666663,0.33333333333333337,0.6666666666666666,0.5,0.8333333333333333,0.0,0.0,0.0
246,0.001,0.0,0,0.0,1.0,1.0,0.25,0.25,0.5,0.9166666666666667,0.0,0.0,0.0
247,0.01,0.0,0,1.0,0.0,0.5,0.16666666666666669,0.5,0.6666666666666666,0.75,0.0,0.0,0.01
252,0.02,0.0,1,0.0,0.0,0.0,0.16666666666666669,0.0,0.6666666666666666,0.9166666666666667,0.0,0.0,0.0
253,0.001,0.0,0,0.25,0.0,0.0,0.5,0.5,0.5,0.5,0.0,0.0,0.00025
255,0.0,0.0,0,0.75,0.5,0.25,0.16666666666666669,0.0,0.75,0.8333333333333333,0.0,0.0,0.0
256,0.005,0.0,0,0.0,0.25,0.0,0.0,0.0,0.33333333333333337,0.5833333333333334,0.0,0.0,0.0
263,0.0,0.0,0,0.0,0.0,0.0,0.75,0.5,0.9166666666666667,0.8333333333333333,0.0,0.0,0.0
265,0.0,0.0,0,0.0,0.0,0.0,0.5,0.41666666666666663,1.0,1.0,0.0,0.0,0.0
266,0.001,0.25,0,0.25,0.0,0.0,0.41666666666666663,0.5,1.0,1.0,0.0,0.0,0.00025
267,0.0,0.0,0,0.25,0.0,0.0,0.0,0.0,0.6666666666666666,0.75,0.0,0.0,0.0
268,0.0,0.5,0,0.75,0.5,0.41666666666666663,0.6666666666666666,0.5833333333333334,0.6666666666666666,0.5,1.0,1.0,0.0
270,0.005,0.25,0,0.5,0.0,0.0,0.33333333333333337,0.41666666666666663,0.5,0.6666666666666666,0.0,0.0,0.0025
271,0.0,0.0,0,0.0,0.0,0.0,0.0,0.0,0.41666666666666663,0.75,0.0,0.0,0.0
272,0.01,0.25,0,0.25,0.33333333333333337,0.41666666666666663,0.6666666666666666,0.41666666666666663,0.9166666666666667,0.75,0.0,0.0,0.0025
274,0.0,0.0,0,0.75,0.0,0.0,0.33333333333333337,0.25,0.6666666666666666,1.0,0.0,0.0,0.0
275,0.001,0.0,0,0.0,0.25,0.0,0.16666666666666669,0.33333333333333337,0.41666666666666663,0.6666666666666666,0.0,0.0,0.0
278,0.02,0.25,0,1.0,0.08333333333333331,0.16666666666666669,0.33333333333333337,0.33333333333333337,0.6666666666666666,0.75,0.0,1.0,0.02
279,0.005,0.0,0,0.75,0.5833333333333334,0.25,0.33333333333333337,0.33333333333333337,0.75,0.8333333333333333,0.0,0.0,0.00375
286,0.0,0.0,0,0.0,0.5,0.5833333333333334,0.5,0.33333333333333337,0.6666666666666666,0.9166666666666667,0.0,0.0,0.0
290,0.0,0.0,0,0.0,0.0,0.0,0.5833333333333334,0.5,1.0,0.8333333333333333,0.0,0.0,0.0
291,0.0,0.0,0,0.0,1.0,0.5,0.16666666666666669,0.0,0.41666666666666663,0.9166666666666667,0.0,0.0,0.0
292,0.0,0.5,0,0.5,0.6666666666666666,0.8333333333333333,0.6666666666666666,0.75,0.6666666666666666,0.41666666666666663,1.0,1.0,0.0
293,0.0,0.0,0,0.0,0.5833333333333334,0.5833333333333334,0.5,0.5,0.75,0.75,0.0,0.0,0.0
294,0.1,0.0,0,0.25,0.5833333333333334,0.25,0.5833333333333334,0.08333333333333331,0.5,0.9166666666666667,0.0,0.0,0.025
295,0.0,0.25,0,0.5,0.0,0.0,0.25,0.25,1.0,1.0,0.0,0.0,0.0
296,0.001,0.0,0,1.0,0.0,0.0,0.16666666666666669,0.16666666666666669,0.6666666666666666,0.75,0.0,0.0,0.001
297,0.1,0.5,0,0.5,0.41666666666666663,0.5,0.5833333333333334,0.75,0.5,0.5833333333333334,0.0,0.0,0.05
299,0.0,0.0,0,0.25,1.0,1.0,1.0,1.0,1.0,1.0,0.0,0.0,0.0
301,0.02,0.25,0,0.75,0.0,0.41666666666666663,0.25,0.33333333333333337,1.0,0.75,0.0,0.0,0.015
302,0.0,0.0,0,0.0,0.0,0.25,0.5833333333333334,0.41666666666666663,0.8333333333333333,0.8333333333333333,0.0,0.0,0.0
303,0.001,0.0,1,0.0,0.16666666666666669,0.0,1.0,0.33333333333333337,0.5833333333333334,0.6666666666666666,0.0,0.0,0.0
304,0.0,0.0,0,0.0,0.0,0.0,0.33333333333333337,0.41666666666666663,1.0,1.0,0.0,0.0,0.0
306,0.0,0.0,0,0.0,0.0,0.0,0.8333333333333333,1.0,0.8333333333333333,0.9166666666666667,0.0,0.0,0.0
309,0.1,0.25,1,0.5,0.16666666666666669,0.0,0.16666666666666669,0.0,0.9166666666666667,1.0,0.0,0.0,0.05
312,0.001,0.0,0,0.25,0.33333333333333337,0.16666666666666669,0.33333333333333337,0.41666666666666663,0.75,0.8333333333333333,0.0,0.0,0.00025
316,0.001,0.25,0,0.5,0.0,0.0,0.6666666666666666,0.41666666666666663,0.5833333333333334,0.8333333333333333,0.0,0.0,0.0005
319,0.1,0.5,1,0.75,0.75,0.8333333333333333,0.9166666666666667,0.9166666666666667,0.75,0.75,0.0,1.0,0.07500000000000001
320,0.0,1.0,0,1.0,0.0,0.0,0.9166666666666667,0.8333333333333333,0.9166666666666667,0.9166666666666667,0.0,0.0,0.0
322,0.0,0.0,0,0.0,0.0,0.0,0.75,1.0,1.0,1.0,0.0,0.0,0.0
323,0.001,0.0,0,0.75,0.5,0.6666666666666666,0.5,0.5,0.5,0.5833333333333334,1.0,0.0,0.00075
324,0.01,0.5,0,0.5,0.0,0.0,0.5,0.5,1.0,1.0,0.0,0.0,0.005
325,0.02,0.25,0,0.5,0.33333333333333337,0.0,0.5833333333333334,0.6666666666666666,0.5,0.6666666666666666,0.0,0.0,0.01
326,0.0,0.0,0,0.25,0.0,0.0,0.5,0.5833333333333334,1.0,1.0,0.0,0.0,0.0
327,0.001,0.25,0,0.25,0.0,0.0,0.9166666666666667,0.5833333333333334,1.0,1.0,0.0,0.0,0.00025
330,0.0,0.0,0,0.0,0.5,0.5,0.5,0.5,0.5833333333333334,0.5833333333333334,0.0,0.0,0.0
332,0.0,0.25,0,0.25,0.6666666666666666,0.41666666666666663,0.41666666666666663,0.33333333333333337,0.41666666666666663,0.5833333333333334,0.0,0.0,0.0
340,0.001,0.5,0,0.5,0.5,0.5,0.25,0.25,0.5,0.5,0.0,0.0,0.0005
341,0.0,0.0,0,0.25,0.5833333333333334,0.5,0.5,0.5,0.6666666666666666,0.6666666666666666,0.0,0.0,0.0
343,0.001,0.0,0,0.0,0.0,0.0,0.0,0.0,1.0,1.0,0.0,0.0,0.0
344,0.02,0.25,0,0.5,0.0,0.0,0.16666666666666669,0.33333333333333337,0.75,0.9166666666666667,0.0,0.0,0.01
346,0.001,0.25,0,0.0,0.33333333333333337,0.0,0.5,0.5833333333333334,0.41666666666666663,0.75,0.0,0.0,0.0
348,0.0,0.0,0,0.0,0.5,0.0,1.0,1.0,1.0,1.0,0.0,0.0,0.0
349,0.001,0.0,0,0.0,0.0,0.0,0.5833333333333334,0.5,0.5,1.0,0.0,0.0,0.0
350,0.001,0.75,0,0.25,0.0,0.0,0.5,0.5,1.0,1.0,0.0,0.0,0.00025
356,0.001,0.0,0,0.0,0.0,0.0,1.0,1.0,1.0,1.0,0.0,0.0,0.0
357,0.0,0.0,0,0.75,0.6666666666666666,0.5833333333333334,0.9166666666666667,1.0,0.5,0.6666666666666666,1.0,1.0,0.0
358,0.001,0.0,0,0.0,0.0,0.0,0.5,0.5,1.0,1.0,0.0,0.0,0.0
360,0.0,0.0,0,0.0,0.0,0.41666666666666663,0.5833333333333334,0.5833333333333334,0.6666666666666666,0.75,0.0,0.0,0.0
361,0.0,0.0,0,0.0,0.0,0.0,0.0,0.0,1.0,1.0,0.0,0.0,0.0
362,0.001,0.0,0,0.25,0.5,0.16666666666666669,1.0,0.8333333333333333,0.16666666666666669,0.6666666666666666,0.0,0.0,0.00025
363,0.001,0.0,0,0.25,0.0,0.0,0.6666666666666666,0.41666666666666663,0.9166666666666667,0.9166666666666667,0.0,0.0,0.00025
366,0.005,0.0,0,0.0,0.0,0.0,0.08333333333333331,0.16666666666666669,1.0,0.8333333333333333,0.0,0.0,0.0
368,0.0,0.0,0,0.25,0.0,0.41666666666666663,0.5833333333333334,0.75,0.9166666666666667,1.0,0.0,0.0,0.0
370,0.0,0.0,0,0.25,0.08333333333333331,0.16666666666666669,0.75,0.0,1.0,1.0,0.0,0.0,0.0
371,0.02,0.25,1,0.5,0.8333333333333333,0.33333333333333337,0.5,0.33333333333333337,0.6666666666666666,0.5833333333333334,0.0,0.0,0.01
372,0.0,0.0,0,0.5,0.08333333333333331,0.25,0.5,0.5,0.75,0.8333333333333333,0.0,0.0,0.0
374,0.001,0.0,0,0.5,0.0,0.0,0.41666666666666663,0.5833333333333334,0.33333333333333337,0.5833333333333334,0.0,0.0,0.0005
376,0.0,0.0,1,0.0,0.0,0.0,0.08333333333333331,0.0,1.0,0.8333333333333333,0.0,0.0,0.0
379,0.01,0.0,0,0.75,0.08333333333333331,0.0,0.6666666666666666,0.5833333333333334,0.75,1.0,0.0,0.0,0.0075
381,0.001,0.25,1,0.5,0.25,0.75,0.8333333333333333,0.8333333333333333,0.6666666666666666,0.75,0.0,1.0,0.0005
386,0.001,0.25,1,0.5,0.0,0.0,0.5,0.5,0.5833333333333334,0.5833333333333334,0.0,0.0,0.0005
387,0.005,0.25,0,1.0,1.0,0.41666666666666663,0.5,0.5833333333333334,0.25,0.6666666666666666,0.0,0.0,0.005
389,0.0,0.0,0,0.25,0.0,0.0,0.5,0.41666666666666663,0.5,0.6666666666666666,0.0,0.0,0.0
391,0.002,0.75,1,0.75,0.6666666666666666,0.5833333333333334,0.6666666666666666,0.41666666666666663,0.5833333333333334,0.75,0.0,1.0,0.0015
392,0.005,0.0,0,0.25,0.41666666666666663,0.5,0.5,0.6666666666666666,0.5833333333333334,0.8333333333333333,0.0,0.0,0.00125
393,0.0,0.0,0,0.5,0.5,0.6666666666666666,1.0,1.0,1.0,0.9166666666666667,0.0,0.0,0.0
395,0.01,0.25,0,0.25,0.0,0.0,1.0,0.9166666666666667,1.0,1.0,0.0,0.0,0.0025
399,0.0,0.25,0,0.25,0.5833333333333334,0.25,0.33333333333333337,0.41666666666666663,0.75,0.9166666666666667,0.0,0.0,0.0
401,0.01,1.0,0,0.5,1.0,1.0,1.0,1.0,1.0,1.0,0.0,0.0,0.005
402,0.0,0.0,0,0.0,0.0,0.0,0.5,0.5,0.75,0.5833333333333334,0.0,0.0,0.0
404,0.02,0.25,0,0.75,0.0,0.0,0.41666666666666663,0.5833333333333334,0.75,0.8333333333333333,0.0,0.0,0.015
405,0.0,0.0,0,0.0,0.0,0.0,0.16666666666666669,0.5,0.5833333333333334,0.8333333333333333,0.0,0.0,0.0
406,0.0,0.0,0,0.75,0.41666666666666663,0.25,0.16666666666666669,0.41666666666666663,0.5,0.75,0.0,0.0,0.0
408,0.001,0.0,0,0.0,0.33333333333333337,0.08333333333333331,0.5,0.5833333333333334,0.41666666666666663,0.5833333333333334,0.0,0.0,0.0
411,0.1,0.25,1,0.0,0.0,0.0,0.5,0.5,1.0,0.9166666666666667,0.0,0.0,0.0
412,0.0,0.0,0,0.25,0.0,0.0,0.5,0.5,0.5833333333333334,0.75,0.0,0.0,0.0
413,0.002,0.0,0,0.0,0.16666666666666669,0.08333333333333331,0.25,0.41666666666666663,0.6666666666666666,0.75,0.0,0.0,0.0
414,0.0,0.25,0,0.75,1.0,0.6666666666666666,1.0,1.0,1.0,1.0,1.0,0.0,0.0
416,0.02,0.75,0,0.5,0.0,0.0,0.41666666666666663,0.5833333333333334,0.8333333333333333,1.0,0.0,0.0,0.01
417,0.001,0.25,0,0.25,0.0,0.0,0.41666666666666663,0.6666666666666666,0.5,0.6666666666666666,0.0,0.0,0.00025
420,0.0,0.0,0,0.0,0.0,0.33333333333333337,0.16666666666666669,0.33333333333333337,0.5833333333333334,1.0,0.0,0.0,0.0
421,0.0,0.0,0,0.0,0.0,0.0,0.9166666666666667,0.8333333333333333,1.0,0.9166666666666667,0.0,0.0,0.0
422,0.0,0.0,0,0.5,0.33333333333333337,0.0,0.5833333333333334,0.41666666666666663,0.5833333333333334,0.75,0.0,0.0,0.0
424,0.002,0.25,0,0.5,0.16666666666666669,0.0,0.25,0.25,0.33333333333333337,0.9166666666666667,0.0,0.0,0.001
430,0.0,0.0,0,0.0,0.16666666666666669,0.16666666666666669,0.6666666666666666,0.6666666666666666,0.41666666666666663,0.5833333333333334,0.0,0.0,0.0
434,0.0,0.0,0,0.0,0.0,0.0,0.41666666666666663,0.5,0.5,0.5,0.0,0.0,0.0
436,0.1,0.5,0,0.5,0.41666666666666663,0.41666666666666663,0.5,0.5833333333333334,0.8333333333333333,0.75,0.0,0.0,0.05
440,0.0,0.0,0,0.5,0.5,0.5,0.5,0.5,0.75,0.75,0.0,0.0,0.0
441,0.001,0.5,0,1.0,0.0,0.0,0.33333333333333337,0.41666666666666663,0.41666666666666663,0.8333333333333333,0.0,0.0,0.001
442,0.001,0.0,0,0.0,0.5,0.5,0.41666666666666663,0.5,0.8333333333333333,1.0,0.0,0.0,0.0
443,1.0,0.75,1,0.25,1.0,0.75,0.5,0.5833333333333334,0.5833333333333334,0.6666666666666666,0.0,1.0,0.25
445,0.0,0.0,0,0.5,0.0,0.0,0.41666666666666663,0.5833333333333334,1.0,0.9166666666666667,0.0,0.0,0.0
446,0.01,0.25,0,0.75,0.5,0.5833333333333334,0.5,0.5833333333333334,0.5833333333333334,0.6666666666666666,0.0,0.0,0.0075
449,0.0,0.0,0,0.0,0.33333333333333337,0.08333333333333331,0.5,0.5,0.33333333333333337,0.5,0.0,0.0,0.0
451,0.0,0.0,0,0.0,0.5,0.08333333333333331,0.16666666666666669,0.08333333333333331,0.41666666666666663,0.6666666666666666,0.0,0.0,0.0
452,0.001,0.0,0,0.0,0.0,0.0,0.5,0.75,0.5833333333333334,0.75,0.0,0.0,0.0
454,0.01,0.25,0,0.0,0.0,0.0,0.5,0.25,0.41666666666666663,0.75,0.0,0.0,0.0
457,0.0,0.0,0,0.0,0.0,0.0,0.16666666666666669,0.0,1.0,0.8333333333333333,0.0,0.0,0.0
458,0.001,0.0,0,0.5,0.0,0.0,0.0,0.0,1.0,0.0,0.0,0.0,0.0005
459,0.001,0.25,0,1.0,0.41666666666666663,0.33333333333333337,0.33333333333333337,0.16666666666666669,0.33333333333333337,0.8333333333333333,0.0,0.0,0.001
461,0.0,0.0,0,0.5,0.0,0.0,0.75,0.75,1.0,1.0,0.0,0.0,0.0
462,0.005,0.75,0,0.5,0.25,0.0,0.5833333333333334,0.41666666666666663,0.6666666666666666,0.9166666666666667,0.0,0.0,0.0025
463,0.0,0.0,0,0.0,0.0,0.0,0.0,0.0,0.5,0.5,0.0,0.0,0.0
465,0.002,0.25,0,0.0,0.33333333333333337,0.08333333333333331,0.33333333333333337,0.5,0.33333333333333337,0.9166666666666667,0.0,0.0,0.0
467,0.0,0.0,0,0.0,0.0,0.0,0.0,0.0,1.0,1.0,0.0,0.0,0.0
469,0.001,0.5,0,0.5,0.41666666666666663,0.5,0.41666666666666663,0.5,0.5833333333333334,0.5833333333333334,0.0,0.0,0.0005
471,0.001,0.0,0,0.0,0.5,0.5,0.25,0.41666666666666663,1.0,0.8333333333333333,0.0,0.0,0.0
477,0.0,0.0,0,0.5,0.25,0.33333333333333337,0.5,0.5,0.5833333333333334,0.6666666666666666,1.0,0.0,0.0
478,0.001,0.25,0,0.0,0.5833333333333334,0.5,0.33333333333333337,0.41666666666666663,0.6666666666666666,0.9166666666666667,0.0,0.0,0.0
481,0.0,0.0,0,0.0,0.16666666666666669,0.0,0.25,0.0,0.75,1.0,0.0,0.0,0.0
483,0.0,0.0,0,0.0,0.25,0.33333333333333337,0.41666666666666663,0.41666666666666663,0.8333333333333333,0.9166666666666667,0.0,1.0,0.0
484,0.0,0.0,0,0.5,0.0,0.0,0.0,0.16666666666666669,0.5,0.5,0.0,0.0,0.0
485,0.0,0.0,0,0.5,0.25,0.33333333333333337,0.5,0.5833333333333334,0.75,1.0,0.0,0.0,0.0
486,0.0,0.0,1,0.0,0.5833333333333334,0.5,0.6666666666666666,0.75,0.5,0.6666666666666666,0.0,0.0,0.0
487,0.0,0.0,0,0.25,0.41666666666666663,0.25,0.25,0.33333333333333337,0.41666666666666663,0.33333333333333337,0.0,0.0,0.0
488,0.02,0.25,0,0.25,0.25,0.0,0.5833333333333334,0.41666666666666663,0.6666666666666666,0.75,0.0,0.0,0.005
489,0.01,0.0,0,0.0,0.16666666666666669,0.33333333333333337,0.8333333333333333,0.6666666666666666,0.25,0.6666666666666666,0.0,1.0,0.0
494,0.001,0.0,0,0.0,0.0,0.0,0.5,0.5,0.75,0.9166666666666667,0.0,0.0,0.0
495,0.0,0.0,0,0.0,0.0,0.0,0.33333333333333337,0.0,0.5833333333333334,0.9166666666666667,0.0,0.0,0.0
496,1.0,0.5,1,0.75,0.25,0.0,0.5833333333333334,0.33333333333333337,1.0,1.0,1.0,0.0,0.75
497,0.0,0.25,0,0.75,0.0,0.0,0.5,0.41666666666666663,1.0,1.0,0.0,0.0,0.0
499,0.002,0.0,0,0.25,0.33333333333333337,0.5,0.5,0.41666666666666663,0.5833333333333334,0.5,0.0,0.0,0.0005
501,0.0,0.0,0,0.0,0.0,0.25,0.0,0.0,1.0,1.0,0.0,0.0,0.0
502,0.0,0.0,0,0.0,0.5,0.8333333333333333,0.25,0.25,0.5,0.6666666666666666,0.0,0.0,0.0
506,0.0,0.0,0,0.5,0.0,0.0,1.0,1.0,1.0,0.9166666666666667,0.0,0.0,0.0
507,0.002,0.0,0,0.75,0.25,0.16666666666666669,0.0,0.16666666666666669,0.33333333333333337,0.5833333333333334,0.0,0.0,0.0015
510,0.0,0.0,0,0.25,0.5,0.41666666666666663,0.41666666666666663,0.33333333333333337,0.5,0.5833333333333334,0.0,0.0,0.0
514,0.1,0.25,1,0.0,0.16666666666666669,0.0,0.16666666666666669,0.0,1.0,1.0,0.0,0.0,0.0
515,0.0,0.0,0,0.0,0.0,0.0,0.75,0.5,0.75,0.75,0.0,0.0,0.0
519,0.001,0.25,0,0.5,0.33333333333333337,0.16666666666666669,0.5833333333333334,0.5833333333333334,0.6666666666666666,1.0,0.0,0.0,0.0005
520,0.0,0.0,0,0.75,0.75,0.6666666666666666,0.6666666666666666,0.5,0.75,0.75,0.0,0.0,0.0
523,0.0,0.0,0,0.0,0.0,0.0,0.08333333333333331,0.0,0.5833333333333334,1.0,0.0,0.0,0.0
524,0.001,0.0,0,0.0,0.5,0.41666666666666663,0.41666666666666663,0.41666666666666663,0.5833333333333334,0.6666666666666666,0.0,0.0,0.0
526,0.001,0.0,0,0.0,0.0,0.0,0.5833333333333334,0.33333333333333337,0.8333333333333333,0.9166666666666667,0.0,0.0,0.0
527,0.002,0.25,0,0.5,0.0,0.0,0.0,0.0,1.0,1.0,0.0,0.0,0.001
528,0.005,0.0,0,0.25,0.0,0.0,0.41666666666666663,0.5833333333333334,0.5833333333333334,0.75,0.0,0.0,0.00125
530,0.01,0.0,0,0.0,0.0,0.0,0.41666666666666663,0.5,0.25,0.75,0.0,0.0,0.0
531,0.0,0.0,0,0.5,0.0,0.0,0.25,0.41666666666666663,0.41666666666666663,0.6666666666666666,0.0,0.0,0.0
533,0.002,0.25,0,0.25,0.33333333333333337,0.5,0.33333333333333337,0.33333333333333337,0.41666666666666663,0.5833333333333334,0.0,0.0,0.0005
536,0.0,0.0,0,0.0,0.0,0.0,0.75,0.75,0.5,0.5,0.0,0.0,0.0
538,0.001,0.0,0,0.25,0.08333333333333331,0.33333333333333337,0.5,0.6666666666666666,0.5833333333333334,0.8333333333333333,0.0,0.0,0.00025
540,0.02,0.25,0,0.25,0.0,0.0,0.5833333333333334,0.33333333333333337,1.0,1.0,0.0,0.0,0.005
541,0.002,0.5,0,0.5,0.0,0.0,0.6666666666666666,0.41666666666666663,0.6666666666666666,0.8333333333333333,0.0,0.0,0.001
542,0.0,0.0,0,0.25,0.41666666666666663,0.16666666666666669,0.25,0.25,0.8333333333333333,0.8333333333333333,0.0,0.0,0.0
544,0.0,0.0,0,0.0,0.5,0.16666666666666669,0.5833333333333334,0.41666666666666663,0.75,0.8333333333333333,0.0,0.0,0.0
547,0.0,0.5,1,0.5,0.5,0.08333333333333331,0.33333333333333337,0.0,1.0,1.0,0.0,0.0,0.0
548,0.0,0.0,0,0.0,0.0,0.0,0.0,0.0,1.0,1.0,0.0,0.0,0.0
550,0.0,0.0,0,0.0,0.16666666666666669,0.0,0.6666666666666666,1.0,0.5,0.0,0.0,1.0,0.0
551,0.0,0.0,0,0.0,0.41666666666666663,0.33333333333333337,0.33333333333333337,0.16666666666666669,0.75,0.9166666666666667,0.0,0.0,0.0
553,0.001,0.0,1,0.25,0.41666666666666663,0.41666666666666663,0.41666666666666663,0.33333333333333337,0.5833333333333334,0.8333333333333333,0.0,0.0,0.00025
554,0.01,0.0,0,0.75,0.0,0.0,0.5,0.5,0.8333333333333333,0.9166666666666667,0.0,0.0,0.0075
555,0.0,1.0,0,0.75,0.0,0.0,0.75,0.75,1.0,1.0,0.0,0.0,0.0
556,0.001,0.0,0,0.0,1.0,0.16666666666666669,0.5833333333333334,0.33333333333333337,0.9166666666666667,0.6666666666666666,0.0,0.0,0.0
557,0.002,0.25,1,0.0,0.08333333333333331,0.0,0.25,0.5833333333333334,0.5833333333333334,0.5833333333333334,0.0,0.0,0.0
559,0.01,0.25,0,0.0,0.0,0.0,0.5,0.5,1.0,1.0,0.0,0.0,0.0
560,0.1,1.0,0,1.0,0.0,0.0,0.5,0.5,1.0,1.0,0.0,0.0,0.1
562,0.002,0.0,0,0.5,0.0,0.0,0.5,0.5,1.0,1.0,0.0,0.0,0.001
563,0.002,0.25,0,0.5,0.08333333333333331,0.41666666666666663,0.33333333333333337,0.5,0.0,0.08333333333333331,0.0,1.0,0.001
567,0.01,0.25,0,0.25,0.0,0.0,0.5,0.5833333333333334,0.6666666666666666,1.0,0.0,0.0,0.0025
568,0.02,0.25,1,0.5,0.33333333333333337,0.0,0.0,0.0,0.9166666666666667,1.0,0.0,0.0,0.01
569,0.002,0.25,1,0.75,0.5,0.5,0.0,0.08333333333333331,0.5833333333333334,0.8333333333333333,0.0,0.0,0.0015
570,0.001,0.0,1,0.0,0.6666666666666666,0.25,0.5,0.0,0.5,0.8333333333333333,0.0,1.0,0.0
571,0.002,0.0,1,0.25,0.0,0.0,0.25,0.25,1.0,1.0,0.0,0.0,0.0005
572,0.0,0.0,1,0.25,0.25,0.08333333333333331,0.5,0.6666666666666666,0.41666666666666663,0.6666666666666666,0.0,0.0,0.0
573,0.02,0.25,1,0.75,0.16666666666666669,0.0,1.0,0.8333333333333333,0.5833333333333334,1.0,0.0,0.0,0.015
574,0.0,0.0,0,0.0,0.5,0.16666666666666669,0.41666666666666663,0.16666666666666669,0.75,0.8333333333333333,0.0,0.0,0.0
575,0.02,0.75,1,1.0,0.0,0.0,0.25,0.41666666666666663,1.0,1.0,0.0,0.0,0.02
576,0.0,0.0,0,0.0,0.33333333333333337,0.0,0.8333333333333333,0.8333333333333333,1.0,1.0,0.0,0.0,0.0
579,0.0,0.0,1,0.0,0.5,0.5,0.75,0.75,0.75,0.75,0.0,0.0,0.0
580,0.02,0.0,0,0.25,0.41666666666666663,0.16666666666666669,0.41666666666666663,0.41666666666666663,0.5,0.8333333333333333,0.0,0.0,0.005
583,0.0,0.0,0,0.0,0.0,0.0,0.33333333333333337,0.33333333333333337,0.8333333333333333,1.0,0.0,0.0,0.0
585,0.0,0.0,0,0.0,0.25,0.16666666666666669,0.41666666666666663,0.6666666666666666,0.8333333333333333,0.8333333333333333,0.0,0.0,0.0
586,0.001,0.0,0,0.0,0.0,0.0,0.25,0.0,0.41666666666666663,0.8333333333333333,0.0,0.0,0.0
587,0.0,0.0,0,0.0,0.5833333333333334,0.41666666666666663,0.33333333333333337,0.6666666666666666,1.0,1.0,0.0,1.0,0.0
588,0.01,0.0,0,0.0,0.0,0.0,0.08333333333333331,0.0,1.0,1.0,0.0,0.0,0.0
589,0.0,0.0,0,0.0,0.41666666666666663,0.0,0.6666666666666666,0.75,1.0,1.0,0.0,0.0,0.0
590,1.0,0.0,0,0.0,0.0,0.0,0.5833333333333334,0.0,1.0,1.0,0.0,0.0,0.0
591,0.001,0.0,0,0.25,0.25,0.0,0.25,0.25,0.5,0.5,0.0,0.0,0.00025
593,0.0,0.0,0,0.0,0.25,0.08333333333333331,0.9166666666666667,1.0,0.5833333333333334,0.9166666666666667,0.0,0.0,0.0
594,0.001,0.0,0,1.0,0.5833333333333334,0.5,0.41666666666666663,0.41666666666666663,0.5833333333333334,0.75,1.0,0.0,0.001
595,0.0,0.0,0,0.0,0.0,0.0,0.0,0.0,1.0,1.0,0.0,0.0,0.0
597,0.001,0.25,0,0.25,0.08333333333333331,0.0,0.33333333333333337,0.5,0.41666666666666663,0.5833333333333334,0.0,0.0,0.00025
600,0.0,0.0,0,0.0,0.5,0.5833333333333334,0.75,0.75,0.5,0.5,0.0,0.0,0.0
601,0.0,0.0,0,0.0,0.75,0.33333333333333337,0.5,0.33333333333333337,0.25,0.8333333333333333,0.0,0.0,0.0
603,0.0,0.0,0,0.75,0.75,0.75,0.75,0.75,0.75,0.75,0.0,0.0,0.0
604,0.001,0.0,0,0.0,0.16666666666666669,0.0,0.6666666666666666,0.5,0.75,0.8333333333333333,0.0,0.0,0.0
606,0.0,0.0,0,0.0,0.0,0.0,0.6666666666666666,0.16666666666666669,1.0,1.0,0.0,0.0,0.0
607,0.005,0.75,0,0.25,0.8333333333333333,0.0,0.5,0.0,0.5,0.6666666666666666,0.0,1.0,0.00125
608,0.0,0.5,0,0.5,0.9166666666666667,0.5833333333333334,0.5,0.6666666666666666,0.8333333333333333,0.6666666666666666,0.0,0.0,0.0
609,0.001,0.0,0,0.0,0.6666666666666666,0.5833333333333334,0.5,0.5833333333333334,0.5,0.8333333333333333,0.0,0.0,0.0
611,0.01,0.5,1,0.5,0.0,0.0,0.0,0.0,1.0,1.0,0.0,0.0,0.005
612,0.01,0.25,0,0.25,0.16666666666666669,0.25,0.33333333333333337,0.25,0.9166666666666667,0.5833333333333334,0.0,0.0,0.0025
615,0.02,1.0,0,1.0,0.5,0.5833333333333334,0.6666666666666666,0.75,0.5833333333333334,0.5833333333333334,0.0,0.0,0.02
617,0.001,0.0,0,0.5,0.25,0.08333333333333331,0.25,0.5,0.5,0.8333333333333333,0.0,0.0,0.0005
618,0.0,0.0,0,0.0,0.0,0.0,1.0,1.0,1.0,1.0,0.0,0.0,0.0
620,1.0,0.25,0,0.5,1.0,1.0,0.41666666666666663,0.5,1.0,1.0,0.0,0.0,0.5
622,0.0,0.5,0,0.5,0.08333333333333331,0.25,0.6666666666666666,0.5833333333333334,0.5,0.6666666666666666,0.0,0.0,0.0
623,0.001,0.25,1,0.5,0.0,0.0,0.6666666666666666,0.5,0.5,0.6666666666666666,0.0,0.0,0.0005
624,0.0,0.0,0,0.25,0.0,0.0,0.25,0.41666666666666663,1.0,1.0,0.0,0.0,0.0
625,0.0,0.0,0,0.0,0.75,0.5833333333333334,0.16666666666666669,0.33333333333333337,0.33333333333333337,0.25,0.0,0.0,0.0
627,0.001,0.25,1,0.0,0.16666666666666669,0.16666666666666669,0.5,0.5,0.75,0.75,0.0,0.0,0.0
630,0.001,0.0,0,0.25,0.0,0.0,0.5,0.8333333333333333,1.0,1.0,0.0,0.0,0.00025
631,0.1,0.25,1,1.0,0.9166666666666667,0.5833333333333334,0.9166666666666667,1.0,1.0,0.75,0.0,1.0,0.1
633,0.0,0.0,0,0.25,0.33333333333333337,0.16666666666666669,0.33333333333333337,0.6666666666666666,0.5833333333333334,0.75,0.0,0.0,0.0
635,0.001,0.0,0,0.5,0.0,0.33333333333333337,0.5,1.0,0.6666666666666666,0.9166666666666667,0.0,0.0,0.0005
636,0.001,0.5,0,0.5,0.5,0.5,0.5,0.5,0.5,0.5,0.0,0.0,0.0005
637,0.0,0.25,0,0.25,0.0,0.0,0.0,0.0,1.0,1.0,0.0,0.0,0.0
638,0.0,0.0,1,0.0,1.0,1.0,1.0,1.0,0.0,0.0,0.0,0.0,0.0
640,0.0,0.0,0,0.0,0.33333333333333337,0.0,0.5,0.25,0.75,0.9166666666666667,0.0,0.0,0.0
641,0.0,0.0,0,0.25,0.0,0.0,0.0,0.0,1.0,1.0,0.0,0.0,0.0
642,0.005,0.25,0,0.5,0.0,0.0,0.5,0.5833333333333334,0.5833333333333334,0.9166666666666667,0.0,0.0,0.0025
643,0.02,0.25,0,0.25,0.33333333333333337,0.0,0.41666666666666663,0.41666666666666663,0.41666666666666663,1.0,0.0,0.0,0.005
646,0.01,0.0,0,0.25,0.41666666666666663,0.0,0.5,0.08333333333333331,0.33333333333333337,0.6666666666666666,0.0,0.0,0.0025
647,0.0,0.0,0,0.0,0.0,0.33333333333333337,0.6666666666666666,1.0,0.75,0.6666666666666666,0.0,1.0,0.0
648,0.0,0.0,1,0.25,0.6666666666666666,0.0,0.25,0.5,0.75,0.8333333333333333,0.0,0.0,0.0
650,0.0,0.0,0,0.25,0.08333333333333331,0.16666666666666669,0.33333333333333337,0.33333333333333337,0.9166666666666667,1.0,0.0,0.0,0.0
651,0.0,0.0,0,0.0,0.0,0.0,0.5,0.5,1.0,0.9166666666666667,0.0,0.0,0.0
652,0.0,0.0,0,0.0,1.0,1.0,0.5,0.6666666666666666,0.41666666666666663,0.6666666666666666,0.0,1.0,0.0
655,0.01,0.25,1,0.0,0.6666666666666666,0.25,0.33333333333333337,0.08333333333333331,0.41666666666666663,0.6666666666666666,0.0,0.0,0.0
657,0.005,0.25,0,1.0,0.0,0.0,0.5833333333333334,0.25,0.5833333333333334,0.8333333333333333,0.0,0.0,0.005
658,0.0,0.25,1,0.25,0.0,0.0,0.0,0.0,1.0,1.0,0.0,0.0,0.0
659,0.001,0.25,0,0.0,0.33333333333333337,0.0,0.33333333333333337,0.08333333333333331,0.25,0.9166666666666667,0.0,0.0,0.0
661,0.0,0.25,0,0.0,0.5,0.41666666666666663,0.5,0.6666666666666666,0.25,0.6666666666666666,0.0,0.0,0.0
662,0.005,0.25,0,0.0,0.0,0.08333333333333331,0.75,0.41666666666666663,0.6666666666666666,0.8333333333333333,0.0,0.0,0.0
665,0.0,0.0,0,0.0,0.0,0.0,0.0,0.0,1.0,1.0,0.0,0.0,0.0
666,0.0,0.0,0,0.0,0.41666666666666663,0.25,0.5,0.5,0.5833333333333334,0.75,0.0,0.0,0.0
668,0.0,0.0,0,0.0,0.75,0.33333333333333337,0.16666666666666669,0.33333333333333337,0.75,1.0,0.0,0.0,0.0
669,0.005,0.75,0,0.75,0.0,0.08333333333333331,0.33333333333333337,0.5,1.0,0.8333333333333333,0.0,0.0,0.00375
670,0.0,0.0,0,0.0,0.0,0.0,0.0,0.33333333333333337,1.0,1.0,0.0,0.0,0.0
672,0.001,0.0,0,0.0,0.08333333333333331,0.25,0.41666666666666663,0.25,0.41666666666666663,0.41666666666666663,0.0,0.0,0.0
673,0.01,0.75,0,0.75,0.0,0.0,0.5,0.5,0.5,0.5,0.0,0.0,0.0075
674,0.002,0.0,0,0.5,0.33333333333333337,0.16666666666666669,0.41666666666666663,0.16666666666666669,0.41666666666666663,0.8333333333333333,0.0,0.0,0.001
676,0.01,0.75,0,0.5,0.0,1.0,0.6666666666666666,0.75,1.0,1.0,0.0,0.0,0.005
677,0.0,0.0,0,0.0,0.0,0.0,0.75,0.5,0.5,0.5,0.0,0.0,0.0
678,0.001,0.0,0,0.0,0.08333333333333331,0.0,0.25,0.25,0.5,0.75,0.0,0.0,0.0
679,1.0,0.25,1,0.75,0.0,0.0,0.75,0.6666666666666666,0.75,1.0,0.0,0.0,0.75
681,0.1,0.5,0,0.25,0.0,0.0,0.5,0.5833333333333334,1.0,1.0,0.0,0.0,0.025
682,0.0,0.0,0,0.75,1.0,0.9166666666666667,0.08333333333333331,0.16666666666666669,0.41666666666666663,0.5833333333333334,0.0,0.0,0.0
683,0.0,0.0,0,0.0,0.0,0.08333333333333331,0.0,0.0,1.0,1.0,0.0,0.0,0.0
687,0.0,0.0,0,0.25,0.0,0.0,0.08333333333333331,0.5833333333333334,0.5833333333333334,0.6666666666666666,0.0,0.0,0.0
692,0.0,0.0,0,0.0,0.0,0.0,0.6666666666666666,0.5833333333333334,1.0,0.8333333333333333,0.0,0.0,0.0
693,0.1,0.25,1,0.0,0.9166666666666667,0.41666666666666663,0.5833333333333334,0.41666666666666663,0.41666666666666663,0.6666666666666666,0.0,0.0,0.0
694,0.002,0.75,1,0.75,0.8333333333333333,0.8333333333333333,0.8333333333333333,0.5833333333333334,0.8333333333333333,0.6666666666666666,1.0,0.0,0.0015
695,0.0,0.0,0,0.0,0.0,0.0,0.0,0.25,0.5833333333333334,1.0,0.0,1.0,0.0
696,0.0,0.0,0,0.0,1.0,1.0,1.0,1.0,0.75,0.75,0.0,0.0,0.0
697,0.0,0.0,0,0.0,0.0,0.0,0.41666666666666663,0.5833333333333334,1.0,0.6666666666666666,0.0,0.0,0.0
699,0.001,0.0,0,0.25,0.6666666666666666,0.33333333333333337,0.6666666666666666,0.8333333333333333,0.41666666666666663,0.5833333333333334,0.0,0.0,0.00025
700,0.0,0.0,1,0.0,0.33333333333333337,0.33333333333333337,0.0,0.0,0.33333333333333337,0.75,0.0,1.0,0.0
703,0.0,0.0,0,0.25,0.41666666666666663,0.41666666666666663,0.41666666666666663,0.5833333333333334,0.41666666666666663,0.41666666666666663,0.0,0.0,0.0
707,0.0,0.0,1,0.0,0.33333333333333337,0.0,0.0,0.0,0.6666666666666666,0.9166666666666667,0.0,0.0,0.0
708,0.0,0.0,0,0.5,0.16666666666666669,0.6666666666666666,0.41666666666666663,0.5833333333333334,0.75,0.8333333333333333,0.0,0.0,0.0
709,0.0,0.0,0,0.75,0.0,0.0,0.16666666666666669,0.08333333333333331,0.25,0.16666666666666669,0.0,0.0,0.0
710,0.0,0.25,0,0.5,0.41666666666666663,0.6666666666666666,0.5833333333333334,0.33333333333333337,0.75,0.75,0.0,0.0,0.0
712,0.005,0.0,0,0.0,0.16666666666666669,0.0,0.16666666666666669,0.08333333333333331,0.6666666666666666,0.8333333333333333,0.0,0.0,0.0
713,0.0,0.0,0,0.5,1.0,1.0,0.5833333333333334,0.41666666666666663,0.5,0.41666666666666663,0.0,0.0,0.0
716,0.0,0.0,0,0.0,0.0,0.0,0.8333333333333333,0.75,0.9166666666666667,0.9166666666666667,0.0,0.0,0.0
717,0.001,0.0,0,0.25,0.25,0.5,0.08333333333333331,0.5833333333333334,0.5833333333333334,0.8333333333333333,0.0,0.0,0.00025
719,0.0,0.0,0,0.0,0.0,0.0,0.5,0.41666666666666663,0.25,0.75,0.0,0.0,0.0
721,0.002,0.5,0,0.5,0.5,0.5,0.33333333333333337,0.5,0.5833333333333334,0.33333333333333337,1.0,1.0,0.001
723,0.02,0.25,1,0.0,0.16666666666666669,0.0,0.08333333333333331,0.16666666666666669,0.33333333333333337,0.9166666666666667,0.0,0.0,0.0
725,0.001,0.25,0,0.25,0.0,0.0,0.5833333333333334,0.41666666666666663,0.6666666666666666,0.9166666666666667,0.0,0.0,0.00025
726,0.0,0.0,0,0.0,0.0,0.16666666666666669,0.75,0.75,1.0,0.8333333333333333,0.0,0.0,0.0
727,0.0,0.25,0,0.75,0.0,0.16666666666666669,0.25,0.75,0.5833333333333334,1.0,0.0,0.0,0.0
728,0.0,0.0,0,0.5,0.0,0.0,0.6666666666666666,0.5,0.75,0.8333333333333333,0.0,0.0,0.0
731,0.0,0.0,0,0.0,0.33333333333333337,0.25,0.33333333333333337,0.0,0.8333333333333333,0.9166666666666667,0.0,0.0,0.0
733,0.0,0.0,0,0.0,0.0,0.0,0.41666666666666663,0.5,0.8333333333333333,0.9166666666666667,0.0,0.0,0.0
735,0.0,0.0,0,0.5,0.0,0.0,0.6666666666666666,0.75,0.9166666666666667,0.9166666666666667,0.0,0.0,0.0
739,0.0,0.0,1,0.5,0.41666666666666663,0.5833333333333334,0.75,0.5833333333333334,0.6666666666666666,0.41666666666666663,1.0,0.0,0.0
740,0.1,0.0,0,0.75,0.0,0.0,1.0,1.0,0.9166666666666667,0.8333333333333333,0.0,0.0,0.07500000000000001
741,0.0,1.0,0,0.75,0.0,0.0,0.0,0.0,1.0,1.0,0.0,0.0,0.0
742,0.0,0.0,0,0.25,0.0,0.0,0.5,0.5,1.0,1.0,0.0,0.0,0.0
