,R05_worry,Q18_flood_exp,Q0_age,Q53_income_UK,Q4_home_size_UK,R03_perc_damage,self_efficacy_DP,self_efficacy_WP,resp_efficacy_DP,resp_efficacy_WP,perc_cost_DP,perc_cost_WP,implemented_DP,implemented_WP,Perc_probability,Level_Education,annual_income,savings_multiplier,house_size,savings,weight_PMT,weight_SN
3,0.0,0,35,5,6,0.0,0.0,0.0,1.0,1.0,1.0,1.0,0.0,0.0,0.0,1.0,83518.75,4.0,105.57620817843866,334075.0,0.1,0.9
5,0.0,0,74,1,2,0.5,0.0,0.0,0.5,0.5,0.8333333333333333,0.9166666666666667,0.0,0.0,0.0,1.0,18149.3,0.5,18.58736059479554,9074.65,0.3,0.7
6,0.0,0,56,2,3,0.0,0.0,0.0,0.0,0.0,1.0,1.0,0.0,0.0,0.0,2.0,20575.8,0.0,24.442379182156134,0.0,0.1,0.9
7,0.0,0,70,5,6,0.0,0.8333333333333333,0.0,0.33333333333333337,0.16666666666666669,0.5,0.9166666666666667,0.0,0.0,0.0,2.0,83518.75,4.0,105.57620817843866,334075.0,0.7,0.30000000000000004
8,0.25,0,57,5,1,0.0,0.5833333333333334,0.33333333333333337,0.5833333333333334,0.6666666666666666,0.5,0.75,0.0,1.0,0.0,4.0,83518.75,1.5,10.687732342007434,125278.125,0.5,0.5
9,0.25,0,53,3,6,0.25,0.75,0.16666666666666669,0.5,0.0,0.5,1.0,0.0,0.0,0.0,3.0,32707.149999999998,1.0,105.57620817843866,32707.149999999998,0.9,0.09999999999999998
10,1.0,1,35,2,2,0.5,0.0,0.0,0.5,0.75,1.0,1.0,0.0,0.0,1.0,2.0,20575.8,0.0,18.58736059479554,0.0,0.5,0.5
11,0.0,0,62,5,4,0.0,0.16666666666666669,0.16666666666666669,0.08333333333333331,0.16666666666666669,0.41666666666666663,0.6666666666666666,0.0,0.0,0.0,3.0,83518.75,1.0,34.85130111524164,83518.75,0.5,0.5
12,0.25,0,37,5,6,0.25,0.33333333333333337,0.0,0.8333333333333333,0.5833333333333334,0.8333333333333333,1.0,0.0,0.0,0.02,3.0,83518.75,0.0,105.57620817843866,0.0,0.7,0.30000000000000004
14,0.0,1,27,4,98,0.0,0.0,0.0,0.0,0.33333333333333337,0.5833333333333334,0.9166666666666667,0.0,0.0,0.0,2.0,44266.95,0.5,86.43122676579925,22133.475,0.5,0.5
15,0.0,0,65,5,2,1.0,0.25,0.0,0.6666666666666666,0.5,0.9166666666666667,0.8333333333333333,0.0,0.0,0.001,4.0,83518.75,4.0,18.58736059479554,334075.0,0.9,0.09999999999999998
16,0.0,0,49,5,2,0.0,0.5833333333333334,0.33333333333333337,0.25,0.25,0.41666666666666663,0.5,0.0,0.0,0.0,2.0,83518.75,0.0,18.58736059479554,0.0,0.1,0.9
17,0.25,0,75,4,6,0.25,0.41666666666666663,0.08333333333333331,0.41666666666666663,0.41666666666666663,0.33333333333333337,0.8333333333333333,0.0,0.0,0.0,4.0,44266.95,4.0,105.57620817843866,177067.8,0.7,0.30000000000000004
19,0.0,1,39,3,6,0.0,0.0,0.0,0.5,0.5833333333333334,0.75,0.75,0.0,0.0,0.001,2.0,32707.149999999998,0.0,105.57620817843866,0.0,0.1,0.9
24,0.0,0,63,5,6,0.0,0.0,0.0,0.0,0.0,0.5,0.8333333333333333,0.0,0.0,0.0,2.0,83518.75,4.0,105.57620817843866,334075.0,0.1,0.9
26,0.0,0,55,2,98,0.0,0.5,0.5,0.41666666666666663,0.5833333333333334,0.5,0.75,0.0,0.0,0.0,2.0,20575.8,4.0,86.43122676579925,82303.2,0.3,0.7
29,0.0,0,51,1,4,0.0,0.33333333333333337,0.5833333333333334,0.5,0.41666666666666663,0.25,0.5,0.0,0.0,0.002,4.0,18149.3,1.0,34.85130111524164,18149.3,0.3,0.7
30,0.0,0,67,1,98,0.0,0.5,0.75,0.5,0.5,1.0,1.0,0.0,0.0,0.0,4.0,18149.3,0.0,86.43122676579925,0.0,0.3,0.7
31,0.0,1,19,5,4,0.25,0.5,0.75,0.41666666666666663,0.8333333333333333,0.33333333333333337,0.41666666666666663,0.0,0.0,0.002,2.0,83518.75,3.0,34.85130111524164,250556.25,0.3,0.7
32,0.0,0,77,3,98,0.0,0.0,0.0,0.25,0.25,1.0,1.0,0.0,0.0,0.0,3.0,32707.149999999998,4.0,86.43122676579925,130828.59999999999,0.1,0.9
36,0.0,0,64,4,3,0.0,0.0,0.0,0.5,0.5,1.0,1.0,0.0,0.0,0.0,2.0,44266.95,2.0,24.442379182156134,88533.9,0.9,0.09999999999999998
37,0.0,0,41,5,6,0.0,0.5,0.25,0.33333333333333337,0.16666666666666669,0.16666666666666669,0.6666666666666666,0.0,0.0,0.001,4.0,83518.75,2.0,105.57620817843866,167037.5,0.7,0.30000000000000004
40,0.0,0,49,1,6,0.25,0.0,0.0,0.0,0.0,1.0,1.0,0.0,0.0,0.001,4.0,18149.3,4.0,105.57620817843866,72597.2,0.5,0.5
44,0.0,1,72,3,98,0.0,0.33333333333333337,0.0,0.16666666666666669,0.0,0.9166666666666667,0.8333333333333333,0.0,0.0,0.0,3.0,32707.149999999998,4.0,86.43122676579925,130828.59999999999,0.1,0.9
46,0.0,0,51,2,98,0.0,0.0,0.16666666666666669,0.5,0.25,0.75,0.33333333333333337,0.0,0.0,0.001,3.0,20575.8,0.0,86.43122676579925,0.0,0.1,0.9
49,0.0,0,54,5,4,0.0,0.5,0.33333333333333337,0.33333333333333337,0.5833333333333334,0.6666666666666666,0.8333333333333333,0.0,1.0,0.0,3.0,83518.75,3.0,34.85130111524164,250556.25,0.3,0.7
51,0.0,0,41,3,5,0.5,0.5,0.41666666666666663,0.33333333333333337,0.5,0.9166666666666667,0.9166666666666667,0.0,0.0,0.01,4.0,32707.149999999998,2.0,38.38289962825279,65414.299999999996,0.5,0.5
52,0.25,0,50,5,6,0.0,0.41666666666666663,0.0,0.33333333333333337,0.33333333333333337,0.6666666666666666,0.9166666666666667,0.0,0.0,0.001,4.0,83518.75,2.0,105.57620817843866,167037.5,0.5,0.5
53,0.25,0,59,5,6,0.5,0.5833333333333334,0.41666666666666663,0.5833333333333334,0.6666666666666666,0.5833333333333334,0.75,0.0,0.0,0.002,3.0,83518.75,0.0,105.57620817843866,0.0,0.7,0.30000000000000004
54,0.5,1,68,3,6,0.25,0.6666666666666666,0.25,0.16666666666666669,0.08333333333333331,0.9166666666666667,0.8333333333333333,0.0,0.0,0.02,2.0,32707.149999999998,4.0,105.57620817843866,130828.59999999999,0.7,0.30000000000000004
56,0.0,0,60,2,6,0.25,0.0,0.0,0.16666666666666669,0.0,1.0,0.8333333333333333,0.0,0.0,0.0,4.0,20575.8,4.0,105.57620817843866,82303.2,0.5,0.5
57,0.0,0,56,3,98,0.0,0.0,0.0,0.6666666666666666,0.5833333333333334,0.75,0.41666666666666663,0.0,0.0,0.0,2.0,32707.149999999998,2.0,86.43122676579925,65414.299999999996,0.9,0.09999999999999998
58,0.5,0,69,2,5,1.0,0.25,0.0,0.5,0.5,0.5,0.75,0.0,1.0,0.005,3.0,20575.8,3.0,38.38289962825279,61727.399999999994,0.5,0.5
61,0.0,0,69,4,6,0.5,0.25,0.0,0.16666666666666669,0.5,0.5,0.9166666666666667,0.0,0.0,0.001,4.0,44266.95,4.0,105.57620817843866,177067.8,0.5,0.5
65,0.0,1,65,3,6,0.0,0.16666666666666669,0.33333333333333337,0.0,0.08333333333333331,0.5,0.6666666666666666,0.0,0.0,0.001,3.0,32707.149999999998,4.0,105.57620817843866,130828.59999999999,0.5,0.5
66,0.25,0,56,5,5,0.5,0.0,0.0,0.9166666666666667,0.6666666666666666,1.0,1.0,0.0,0.0,0.002,2.0,83518.75,0.5,38.38289962825279,41759.375,0.5,0.5
67,0.25,1,66,4,6,0.0,0.16666666666666669,0.33333333333333337,0.0,0.0,1.0,1.0,0.0,0.0,0.0,4.0,44266.95,4.0,105.57620817843866,177067.8,0.3,0.7
69,0.0,0,60,4,3,0.25,0.33333333333333337,0.16666666666666669,0.16666666666666669,0.33333333333333337,0.5833333333333334,0.75,0.0,0.0,0.0,4.0,44266.95,4.0,24.442379182156134,177067.8,0.5,0.5
70,0.25,0,73,2,6,0.0,0.41666666666666663,0.08333333333333331,0.6666666666666666,0.5833333333333334,0.75,0.8333333333333333,0.0,0.0,0.001,4.0,20575.8,4.0,105.57620817843866,82303.2,0.7,0.30000000000000004
74,0.0,0,39,4,98,0.0,0.33333333333333337,0.0,0.5,1.0,0.33333333333333337,1.0,0.0,0.0,0.0,1.0,44266.95,0.5,86.43122676579925,22133.475,0.9,0.09999999999999998
75,0.0,0,59,1,1,0.0,0.0,0.0,0.41666666666666663,0.5833333333333334,0.75,0.8333333333333333,0.0,0.0,0.001,3.0,18149.3,0.0,10.687732342007434,0.0,0.1,0.9
77,0.0,0,58,4,4,0.0,0.25,0.25,0.5833333333333334,0.6666666666666666,1.0,1.0,0.0,0.0,0.0,3.0,44266.95,3.0,34.85130111524164,132800.84999999998,0.1,0.9
79,0.25,0,63,5,4,0.25,0.5833333333333334,0.33333333333333337,0.5,0.25,0.9166666666666667,0.8333333333333333,0.0,0.0,0.02,2.0,83518.75,2.0,34.85130111524164,167037.5,0.7,0.30000000000000004
82,0.0,0,73,3,2,0.0,0.0,0.0,0.0,0.0,1.0,1.0,0.0,0.0,0.0,4.0,32707.149999999998,4.0,18.58736059479554,130828.59999999999,0.1,0.9
83,0.0,0,73,2,5,0.0,0.0,0.0,0.0,0.0,1.0,1.0,0.0,0.0,0.0,2.0,20575.8,2.0,38.38289962825279,41151.6,0.1,0.9
84,0.0,0,59,5,6,0.0,0.0,0.0,0.5,0.33333333333333337,0.9166666666666667,0.9166666666666667,0.0,0.0,0.001,2.0,83518.75,4.0,105.57620817843866,334075.0,0.7,0.30000000000000004
85,0.25,0,58,1,98,0.25,0.0,0.16666666666666669,0.25,0.33333333333333337,0.9166666666666667,1.0,0.0,1.0,0.01,3.0,18149.3,4.0,86.43122676579925,72597.2,0.5,0.5
86,0.5,1,61,2,6,0.5,0.0,0.0,0.41666666666666663,0.5,0.8333333333333333,0.8333333333333333,0.0,0.0,0.02,3.0,20575.8,0.0,105.57620817843866,0.0,0.7,0.30000000000000004
87,0.0,0,56,5,6,0.0,0.25,0.16666666666666669,0.5833333333333334,0.5833333333333334,0.5833333333333334,0.8333333333333333,0.0,0.0,0.0,4.0,83518.75,4.0,105.57620817843866,334075.0,0.3,0.7
89,0.5,0,67,5,6,0.0,0.33333333333333337,0.75,0.25,0.41666666666666663,1.0,0.9166666666666667,0.0,0.0,0.001,3.0,83518.75,4.0,105.57620817843866,334075.0,0.5,0.5
90,0.0,1,54,3,2,0.0,0.0,0.0,0.5,0.16666666666666669,1.0,1.0,0.0,0.0,0.0,3.0,32707.149999999998,0.0,18.58736059479554,0.0,0.7,0.30000000000000004
91,0.25,0,53,1,5,0.25,0.5,0.0,0.75,0.5833333333333334,1.0,1.0,0.0,0.0,0.01,4.0,18149.3,0.0,38.38289962825279,0.0,0.9,0.09999999999999998
92,0.0,0,58,2,6,0.0,0.5,0.41666666666666663,0.25,0.16666666666666669,0.9166666666666667,0.9166666666666667,0.0,0.0,0.0,2.0,20575.8,4.0,105.57620817843866,82303.2,0.7,0.30000000000000004
94,0.0,0,63,1,3,0.0,0.0,0.0,1.0,1.0,1.0,1.0,0.0,0.0,0.0,4.0,18149.3,0.0,24.442379182156134,0.0,0.1,0.9
95,0.0,0,57,3,6,0.0,0.0,0.0,0.5,0.8333333333333333,0.9166666666666667,0.8333333333333333,0.0,0.0,0.0,2.0,32707.149999999998,4.0,105.57620817843866,130828.59999999999,0.9,0.09999999999999998
97,0.0,0,62,5,6,0.5,0.0,0.0,0.0,0.0,1.0,0.8333333333333333,0.0,0.0,0.005,2.0,83518.75,4.0,105.57620817843866,334075.0,0.5,0.5
98,0.0,1,68,4,6,0.0,1.0,0.0,0.0,0.0,0.5,0.75,0.0,1.0,0.0,4.0,44266.95,4.0,105.57620817843866,177067.8,0.1,0.9
100,0.0,0,41,5,6,0.25,0.8333333333333333,0.5833333333333334,0.0,0.0,0.41666666666666663,0.75,0.0,0.0,0.001,4.0,83518.75,4.0,105.57620817843866,334075.0,0.1,0.9
103,0.25,0,69,4,6,1.0,0.5,0.16666666666666669,0.33333333333333337,0.16666666666666669,0.41666666666666663,0.9166666666666667,0.0,0.0,0.001,3.0,44266.95,4.0,105.57620817843866,177067.8,0.1,0.9
104,0.25,1,55,4,6,0.25,0.08333333333333331,0.08333333333333331,0.75,0.75,0.75,0.8333333333333333,0.0,0.0,0.01,3.0,44266.95,2.0,105.57620817843866,88533.9,0.3,0.7
105,0.0,0,58,4,98,0.0,0.0,0.0,0.0,0.0,1.0,1.0,0.0,0.0,0.0,3.0,44266.95,4.0,86.43122676579925,177067.8,0.1,0.9
106,0.0,0,76,3,6,0.0,0.33333333333333337,0.41666666666666663,0.5833333333333334,0.6666666666666666,0.33333333333333337,0.8333333333333333,0.0,0.0,0.001,2.0,32707.149999999998,2.0,105.57620817843866,65414.299999999996,0.3,0.7
108,0.25,0,70,4,5,0.0,0.5,0.75,0.33333333333333337,0.5,0.5,0.6666666666666666,0.0,0.0,0.01,1.0,44266.95,4.0,38.38289962825279,177067.8,0.7,0.30000000000000004
109,0.25,1,54,2,4,0.25,0.0,0.0,0.0,0.0,0.5,0.6666666666666666,0.0,0.0,0.001,3.0,20575.8,0.0,34.85130111524164,0.0,0.5,0.5
110,0.0,1,65,4,5,0.0,0.0,0.08333333333333331,0.0,0.0,0.6666666666666666,0.8333333333333333,0.0,0.0,0.0,2.0,44266.95,4.0,38.38289962825279,177067.8,0.3,0.7
111,0.0,0,68,4,4,0.0,0.5,0.6666666666666666,0.5,0.5,1.0,0.9166666666666667,0.0,0.0,0.0,2.0,44266.95,4.0,34.85130111524164,177067.8,0.5,0.5
112,0.0,0,64,4,3,0.0,0.75,0.41666666666666663,0.75,0.41666666666666663,0.6666666666666666,0.75,0.0,0.0,0.0,3.0,44266.95,4.0,24.442379182156134,177067.8,0.1,0.9
113,0.0,0,70,4,6,0.0,0.0,0.33333333333333337,0.16666666666666669,0.33333333333333337,0.75,0.6666666666666666,0.0,0.0,0.001,4.0,44266.95,4.0,105.57620817843866,177067.8,0.9,0.09999999999999998
114,0.0,1,80,5,6,0.0,0.0,0.0,0.5,0.0,1.0,1.0,0.0,0.0,0.1,4.0,83518.75,4.0,105.57620817843866,334075.0,0.1,0.9
115,0.0,0,66,2,6,0.0,0.0,0.0,0.5,0.5,1.0,1.0,0.0,0.0,0.0,2.0,20575.8,4.0,105.57620817843866,82303.2,0.5,0.5
117,0.0,0,34,5,2,0.0,0.0,0.08333333333333331,0.33333333333333337,0.5833333333333334,0.75,0.6666666666666666,0.0,0.0,0.0,2.0,83518.75,4.0,18.58736059479554,334075.0,0.1,0.9
118,0.0,0,62,5,98,0.0,0.0,0.0,0.0,0.0,0.33333333333333337,0.6666666666666666,0.0,0.0,0.0,4.0,83518.75,4.0,86.43122676579925,334075.0,0.7,0.30000000000000004
119,0.25,0,51,2,2,0.0,0.0,0.08333333333333331,0.5,0.41666666666666663,0.9166666666666667,0.9166666666666667,0.0,0.0,0.02,3.0,20575.8,1.0,18.58736059479554,20575.8,0.5,0.5
122,0.0,0,64,2,6,0.0,0.0,0.0,0.0,0.0,1.0,1.0,0.0,0.0,0.0,2.0,20575.8,4.0,105.57620817843866,82303.2,0.1,0.9
123,0.0,1,76,2,6,0.25,0.41666666666666663,0.41666666666666663,0.33333333333333337,0.75,0.8333333333333333,0.6666666666666666,0.0,0.0,0.001,4.0,20575.8,4.0,105.57620817843866,82303.2,0.9,0.09999999999999998
124,0.0,0,30,5,3,0.25,0.16666666666666669,0.5,0.0,0.0,0.6666666666666666,0.8333333333333333,0.0,0.0,0.0,3.0,83518.75,4.0,24.442379182156134,334075.0,0.1,0.9
125,0.0,0,71,2,98,0.0,0.0,0.0,0.5,0.5,1.0,1.0,0.0,0.0,0.0,1.0,20575.8,0.0,86.43122676579925,0.0,0.9,0.09999999999999998
126,0.0,0,85,5,6,0.0,0.0,0.0,1.0,1.0,1.0,1.0,0.0,0.0,0.0,2.0,83518.75,4.0,105.57620817843866,334075.0,0.9,0.09999999999999998
127,0.0,0,70,4,6,0.0,0.75,0.41666666666666663,0.41666666666666663,0.5833333333333334,0.41666666666666663,0.6666666666666666,0.0,0.0,0.0,3.0,44266.95,4.0,105.57620817843866,177067.8,0.7,0.30000000000000004
129,0.25,0,72,3,6,0.0,0.8333333333333333,0.33333333333333337,0.5833333333333334,0.41666666666666663,0.5,0.8333333333333333,0.0,0.0,0.001,3.0,32707.149999999998,0.5,105.57620817843866,16353.574999999999,0.7,0.30000000000000004
131,0.0,0,67,4,5,0.0,0.9166666666666667,0.75,0.5,0.5833333333333334,0.16666666666666669,0.5,0.0,0.0,0.0,3.0,44266.95,4.0,38.38289962825279,177067.8,0.9,0.09999999999999998
132,0.0,0,67,1,5,0.5,0.0,0.0,0.0,0.0,1.0,1.0,0.0,0.0,0.0,2.0,18149.3,0.0,38.38289962825279,0.0,0.1,0.9
135,0.0,0,80,4,6,0.0,0.33333333333333337,0.0,0.0,0.0,1.0,0.9166666666666667,0.0,0.0,0.0,4.0,44266.95,4.0,105.57620817843866,177067.8,0.9,0.09999999999999998
139,0.25,0,77,5,6,0.25,0.5833333333333334,0.33333333333333337,0.6666666666666666,0.8333333333333333,0.5833333333333334,0.8333333333333333,0.0,0.0,0.002,4.0,83518.75,4.0,105.57620817843866,334075.0,0.7,0.30000000000000004
140,0.0,1,89,2,1,0.0,0.0,0.0,0.08333333333333331,0.0,0.8333333333333333,0.41666666666666663,0.0,0.0,0.02,3.0,20575.8,4.0,10.687732342007434,82303.2,0.7,0.30000000000000004
141,0.0,0,44,5,5,0.25,0.8333333333333333,0.6666666666666666,0.41666666666666663,0.5,0.5,0.6666666666666666,0.0,0.0,0.001,3.0,83518.75,4.0,38.38289962825279,334075.0,0.7,0.30000000000000004
142,0.25,0,27,2,2,0.75,0.5,0.5833333333333334,0.41666666666666663,0.6666666666666666,0.5833333333333334,0.5833333333333334,1.0,1.0,0.0,3.0,20575.8,0.5,18.58736059479554,10287.9,0.5,0.5
144,0.0,0,46,5,6,0.5,0.16666666666666669,0.0,0.75,0.8333333333333333,1.0,0.75,0.0,0.0,0.0,4.0,83518.75,4.0,105.57620817843866,334075.0,0.3,0.7
146,0.25,0,33,4,98,0.0,0.75,0.5,0.5,0.41666666666666663,0.5,0.5833333333333334,0.0,0.0,0.0,4.0,44266.95,0.0,86.43122676579925,0.0,0.9,0.09999999999999998
147,0.25,0,48,5,4,0.75,0.5,0.41666666666666663,0.25,0.41666666666666663,0.5,0.6666666666666666,0.0,0.0,0.001,3.0,83518.75,4.0,34.85130111524164,334075.0,0.5,0.5
151,0.25,0,44,5,98,0.5,0.16666666666666669,0.08333333333333331,0.33333333333333337,0.5,0.5833333333333334,0.75,0.0,0.0,0.01,3.0,83518.75,0.0,86.43122676579925,0.0,0.5,0.5
158,0.25,1,42,5,2,0.5,0.75,0.75,1.0,1.0,0.6666666666666666,0.6666666666666666,1.0,1.0,0.0,4.0,83518.75,2.0,18.58736059479554,167037.5,0.7,0.30000000000000004
160,0.0,0,73,5,6,0.0,0.5833333333333334,0.5,0.75,0.5,0.33333333333333337,0.5,0.0,0.0,0.001,4.0,83518.75,4.0,105.57620817843866,334075.0,0.9,0.09999999999999998
163,0.0,0,77,1,1,0.0,0.0,0.0,0.8333333333333333,0.75,0.5,0.75,0.0,0.0,0.0,3.0,18149.3,1.0,10.687732342007434,18149.3,0.7,0.30000000000000004
166,0.25,0,23,5,4,0.0,0.6666666666666666,0.5,0.5,0.16666666666666669,0.5833333333333334,0.41666666666666663,1.0,0.0,0.002,3.0,83518.75,4.0,34.85130111524164,334075.0,0.3,0.7
167,0.0,0,61,5,6,0.25,0.0,0.0,0.41666666666666663,0.0,0.8333333333333333,0.8333333333333333,0.0,0.0,0.002,4.0,83518.75,4.0,105.57620817843866,334075.0,0.1,0.9
169,0.25,1,37,4,1,0.5,0.0,0.0,0.16666666666666669,0.5,0.75,0.8333333333333333,0.0,0.0,0.1,4.0,44266.95,0.0,10.687732342007434,0.0,0.5,0.5
171,0.0,0,51,4,6,0.75,0.5,0.33333333333333337,0.25,0.33333333333333337,0.5,0.9166666666666667,0.0,0.0,0.001,2.0,44266.95,4.0,105.57620817843866,177067.8,0.9,0.09999999999999998
172,0.0,1,42,4,98,0.0,0.0,0.0,0.6666666666666666,0.41666666666666663,0.75,0.9166666666666667,0.0,0.0,0.001,2.0,44266.95,0.0,86.43122676579925,0.0,0.9,0.09999999999999998
173,0.25,0,56,5,6,0.0,0.0,0.0,0.25,0.5,0.5833333333333334,0.75,0.0,0.0,0.1,3.0,83518.75,3.0,105.57620817843866,250556.25,0.9,0.09999999999999998
176,0.0,0,55,5,6,0.25,0.5833333333333334,0.25,0.5833333333333334,0.41666666666666663,0.41666666666666663,0.8333333333333333,0.0,0.0,0.0,3.0,83518.75,0.0,105.57620817843866,0.0,0.5,0.5
177,0.0,0,73,5,6,0.0,0.5833333333333334,0.33333333333333337,0.41666666666666663,0.33333333333333337,1.0,0.9166666666666667,0.0,0.0,0.0,2.0,83518.75,4.0,105.57620817843866,334075.0,0.1,0.9
178,0.0,0,32,5,98,0.0,0.0,0.0,0.6666666666666666,0.75,0.8333333333333333,1.0,0.0,0.0,0.0,3.0,83518.75,1.5,86.43122676579925,125278.125,0.3,0.7
180,0.0,0,57,5,6,0.0,0.0,0.0,0.0,0.0,0.75,0.75,0.0,0.0,0.0,3.0,83518.75,4.0,105.57620817843866,334075.0,0.1,0.9
181,0.0,0,52,4,2,0.0,0.0,0.33333333333333337,0.41666666666666663,0.5,0.75,0.75,0.0,1.0,0.0,2.0,44266.95,0.5,18.58736059479554,22133.475,0.1,0.9
183,0.25,1,18,3,2,0.75,0.6666666666666666,0.5,0.75,0.5,0.75,0.5833333333333334,0.0,0.0,0.0,3.0,32707.149999999998,2.0,18.58736059479554,65414.299999999996,0.5,0.5
185,0.0,0,31,3,5,0.0,1.0,0.75,1.0,1.0,0.75,0.75,0.0,0.0,0.0,3.0,32707.149999999998,0.5,38.38289962825279,16353.574999999999,0.9,0.09999999999999998
187,0.25,1,58,5,4,0.75,0.08333333333333331,0.41666666666666663,0.9166666666666667,0.5833333333333334,0.75,0.6666666666666666,0.0,0.0,0.02,4.0,83518.75,4.0,34.85130111524164,334075.0,0.7,0.30000000000000004
188,0.0,0,61,5,6,0.0,0.5833333333333334,0.5,0.5,0.5,0.5,0.5,0.0,1.0,0.0,3.0,83518.75,4.0,105.57620817843866,334075.0,0.5,0.5
191,0.0,0,29,5,2,0.25,0.25,0.33333333333333337,0.75,0.5833333333333334,0.75,0.75,0.0,0.0,0.001,4.0,83518.75,4.0,18.58736059479554,334075.0,0.5,0.5
192,0.5,1,46,4,98,0.5,0.41666666666666663,0.41666666666666663,0.5833333333333334,0.33333333333333337,0.33333333333333337,0.25,0.0,0.0,0.005,4.0,44266.95,1.5,86.43122676579925,66400.42499999999,0.5,0.5
195,0.0,0,44,5,2,0.75,0.0,0.33333333333333337,0.5,0.33333333333333337,0.75,0.6666666666666666,0.0,0.0,0.0,3.0,83518.75,1.0,18.58736059479554,83518.75,0.3,0.7
196,0.0,1,46,5,4,0.0,1.0,0.0,0.16666666666666669,0.08333333333333331,0.5,0.8333333333333333,0.0,0.0,0.0,2.0,83518.75,4.0,34.85130111524164,334075.0,0.5,0.5
199,0.25,0,54,3,6,0.0,0.5833333333333334,0.5,0.33333333333333337,0.5,0.5833333333333334,0.8333333333333333,0.0,0.0,0.001,3.0,32707.149999999998,2.0,105.57620817843866,65414.299999999996,0.7,0.30000000000000004
200,0.0,1,67,5,6,0.0,0.25,0.16666666666666669,0.0,0.0,0.5,0.8333333333333333,0.0,0.0,0.0,3.0,83518.75,4.0,105.57620817843866,334075.0,0.1,0.9
201,0.0,0,63,4,6,0.5,0.25,0.25,0.33333333333333337,0.41666666666666663,0.5,0.6666666666666666,0.0,0.0,0.001,2.0,44266.95,4.0,105.57620817843866,177067.8,0.3,0.7
203,0.25,0,57,5,5,0.0,0.33333333333333337,0.16666666666666669,0.9166666666666667,0.6666666666666666,1.0,1.0,0.0,1.0,0.0,3.0,83518.75,4.0,38.38289962825279,334075.0,0.5,0.5
204,0.0,0,39,4,3,0.0,0.0,0.0,0.0,0.0,0.75,1.0,0.0,0.0,0.001,4.0,44266.95,4.0,24.442379182156134,177067.8,0.5,0.5
205,0.25,0,71,4,5,0.75,0.08333333333333331,0.08333333333333331,0.41666666666666663,0.5833333333333334,0.9166666666666667,0.9166666666666667,0.0,0.0,0.005,4.0,44266.95,2.0,38.38289962825279,88533.9,0.5,0.5
207,0.25,1,71,5,3,0.25,0.6666666666666666,0.33333333333333337,0.5,0.8333333333333333,0.8333333333333333,0.75,0.0,0.0,0.001,4.0,83518.75,2.0,24.442379182156134,167037.5,0.5,0.5
210,0.0,0,63,1,3,0.5,0.0,0.0,0.0,0.0,0.0,0.0,0.0,1.0,0.0,2.0,18149.3,0.0,24.442379182156134,0.0,0.5,0.5
211,0.0,0,29,5,2,0.0,0.75,0.75,0.75,0.9166666666666667,1.0,0.75,0.0,0.0,0.0,4.0,83518.75,4.0,18.58736059479554,334075.0,0.7,0.30000000000000004
213,0.0,0,47,4,5,0.75,0.25,0.33333333333333337,0.0,0.0,0.6666666666666666,1.0,0.0,0.0,0.0,3.0,44266.95,4.0,38.38289962825279,177067.8,0.7,0.30000000000000004
216,0.0,0,28,3,6,0.25,0.0,0.0,0.0,0.0,1.0,1.0,0.0,1.0,0.0,2.0,32707.149999999998,4.0,105.57620817843866,130828.59999999999,0.1,0.9
218,0.0,0,53,3,3,1.0,0.0,0.0,0.08333333333333331,0.0,0.6666666666666666,0.6666666666666666,0.0,0.0,0.0,3.0,32707.149999999998,4.0,24.442379182156134,130828.59999999999,0.9,0.09999999999999998
219,0.25,1,36,1,98,0.0,0.33333333333333337,0.25,0.33333333333333337,0.5833333333333334,0.41666666666666663,0.75,0.0,0.0,0.001,3.0,18149.3,0.0,86.43122676579925,0.0,0.3,0.7
221,0.0,0,59,3,3,0.0,0.5833333333333334,1.0,0.9166666666666667,0.8333333333333333,0.6666666666666666,0.41666666666666663,0.0,0.0,0.0,1.0,32707.149999999998,1.5,24.442379182156134,49060.725,0.1,0.9
222,0.0,0,69,5,98,1.0,0.5,0.5,0.5,0.5,0.5833333333333334,0.8333333333333333,0.0,0.0,0.001,3.0,83518.75,4.0,86.43122676579925,334075.0,0.5,0.5
223,0.5,0,50,5,1,0.75,0.0,0.0,0.75,0.5833333333333334,0.75,0.9166666666666667,0.0,0.0,0.1,4.0,83518.75,0.0,10.687732342007434,0.0,0.7,0.30000000000000004
224,1.0,1,43,2,3,0.75,0.6666666666666666,0.75,0.5,0.41666666666666663,0.5833333333333334,0.6666666666666666,0.0,0.0,0.001,3.0,20575.8,4.0,24.442379182156134,82303.2,0.5,0.5
226,0.0,0,64,5,6,0.0,0.0,0.0,0.0,0.0,1.0,1.0,0.0,0.0,0.0,4.0,83518.75,4.0,105.57620817843866,334075.0,0.1,0.9
229,0.0,0,33,5,98,0.25,0.0,0.0,0.5,0.6666666666666666,0.5,0.5833333333333334,0.0,0.0,0.0,4.0,83518.75,1.5,86.43122676579925,125278.125,0.3,0.7
232,0.0,0,24,5,1,0.25,0.5833333333333334,0.5,0.41666666666666663,0.75,0.41666666666666663,0.6666666666666666,0.0,0.0,0.001,3.0,83518.75,4.0,10.687732342007434,334075.0,0.3,0.7
233,0.25,0,54,5,98,0.25,0.33333333333333337,0.25,0.16666666666666669,0.16666666666666669,0.5833333333333334,0.8333333333333333,0.0,0.0,0.02,4.0,83518.75,4.0,86.43122676579925,334075.0,0.5,0.5
237,0.25,1,36,2,4,0.0,0.25,0.0,1.0,0.5833333333333334,0.75,1.0,0.0,0.0,0.001,2.0,20575.8,0.0,34.85130111524164,0.0,0.9,0.09999999999999998
238,0.0,0,50,1,2,0.0,0.0,0.0,0.33333333333333337,0.0,0.6666666666666666,0.75,0.0,0.0,0.0,2.0,18149.3,0.0,18.58736059479554,0.0,0.5,0.5
242,0.0,0,56,1,6,0.0,1.0,1.0,0.0,0.0,0.25,0.75,0.0,0.0,0.0,1.0,18149.3,4.0,105.57620817843866,72597.2,0.9,0.09999999999999998
243,0.0,0,67,5,4,0.0,0.41666666666666663,0.25,0.5833333333333334,0.8333333333333333,0.5833333333333334,0.9166666666666667,0.0,0.0,0.0,2.0,83518.75,4.0,34.85130111524164,334075.0,0.5,0.5
244,0.0,0,50,1,4,0.0,0.0,0.0,0.5,0.5,0.5,0.5,0.0,0.0,0.0,2.0,18149.3,0.0,34.85130111524164,0.0,0.5,0.5
245,0.0,0,37,5,98,0.25,0.25,0.41666666666666663,0.33333333333333337,0.6666666666666666,0.5,0.8333333333333333,0.0,0.0,0.0,4.0,83518.75,4.0,86.43122676579925,334075.0,0.5,0.5
246,0.0,0,52,5,2,0.0,1.0,1.0,0.25,0.25,0.5,0.9166666666666667,0.0,0.0,0.001,3.0,83518.75,3.0,18.58736059479554,250556.25,0.9,0.09999999999999998
247,0.0,0,69,4,98,1.0,0.0,0.5,0.16666666666666669,0.5,0.6666666666666666,0.75,0.0,0.0,0.01,4.0,44266.95,4.0,86.43122676579925,177067.8,0.3,0.7
252,0.0,1,50,3,6,0.0,0.0,0.0,0.16666666666666669,0.0,0.6666666666666666,0.9166666666666667,0.0,0.0,0.02,3.0,32707.149999999998,0.0,105.57620817843866,0.0,0.1,0.9
253,0.0,0,39,5,1,0.25,0.0,0.0,0.5,0.5,0.5,0.5,0.0,0.0,0.001,4.0,83518.75,4.0,10.687732342007434,334075.0,0.7,0.30000000000000004
255,0.0,0,48,5,6,0.75,0.5,0.25,0.16666666666666669,0.0,0.75,0.8333333333333333,0.0,0.0,0.0,4.0,83518.75,4.0,105.57620817843866,334075.0,0.5,0.5
256,0.0,0,70,5,3,0.0,0.25,0.0,0.0,0.0,0.33333333333333337,0.5833333333333334,0.0,0.0,0.005,4.0,83518.75,3.0,24.442379182156134,250556.25,0.7,0.30000000000000004
263,0.0,0,65,5,98,0.0,0.0,0.0,0.75,0.5,0.9166666666666667,0.8333333333333333,0.0,0.0,0.0,4.0,83518.75,4.0,86.43122676579925,334075.0,0.5,0.5
265,0.0,0,49,3,98,0.0,0.0,0.0,0.5,0.41666666666666663,1.0,1.0,0.0,0.0,0.0,3.0,32707.149999999998,4.0,86.43122676579925,130828.59999999999,0.5,0.5
266,0.25,0,55,4,98,0.25,0.0,0.0,0.41666666666666663,0.5,1.0,1.0,0.0,0.0,0.001,3.0,44266.95,1.0,86.43122676579925,44266.95,0.9,0.09999999999999998
267,0.0,0,38,5,1,0.25,0.0,0.0,0.0,0.0,0.6666666666666666,0.75,0.0,0.0,0.0,3.0,83518.75,1.0,10.687732342007434,83518.75,0.5,0.5
268,0.5,0,24,5,6,0.75,0.5,0.41666666666666663,0.6666666666666666,0.5833333333333334,0.6666666666666666,0.5,1.0,1.0,0.0,4.0,83518.75,4.0,105.57620817843866,334075.0,0.5,0.5
270,0.25,0,33,5,6,0.5,0.0,0.0,0.33333333333333337,0.41666666666666663,0.5,0.6666666666666666,0.0,0.0,0.005,3.0,83518.75,2.0,105.57620817843866,167037.5,0.5,0.5
271,0.0,0,59,1,6,0.0,0.0,0.0,0.0,0.0,0.41666666666666663,0.75,0.0,0.0,0.0,4.0,18149.3,4.0,105.57620817843866,72597.2,0.1,0.9
272,0.25,0,50,5,4,0.25,0.33333333333333337,0.41666666666666663,0.6666666666666666,0.41666666666666663,0.9166666666666667,0.75,0.0,0.0,0.01,3.0,83518.75,4.0,34.85130111524164,334075.0,0.3,0.7
274,0.0,0,80,2,4,0.75,0.0,0.0,0.33333333333333337,0.25,0.6666666666666666,1.0,0.0,0.0,0.0,4.0,20575.8,4.0,34.85130111524164,82303.2,0.1,0.9
275,0.0,0,30,5,6,0.0,0.25,0.0,0.16666666666666669,0.33333333333333337,0.41666666666666663,0.6666666666666666,0.0,0.0,0.001,4.0,83518.75,4.0,105.57620817843866,334075.0,0.5,0.5
278,0.25,0,46,5,6,1.0,0.08333333333333331,0.16666666666666669,0.33333333333333337,0.33333333333333337,0.6666666666666666,0.75,0.0,1.0,0.02,4.0,83518.75,4.0,105.57620817843866,334075.0,0.5,0.5
279,0.0,0,35,5,6,0.75,0.5833333333333334,0.25,0.33333333333333337,0.33333333333333337,0.75,0.8333333333333333,0.0,0.0,0.005,3.0,83518.75,4.0,105.57620817843866,334075.0,0.1,0.9
286,0.0,0,19,5,2,0.0,0.5,0.5833333333333334,0.5,0.33333333333333337,0.6666666666666666,0.9166666666666667,0.0,0.0,0.0,2.0,83518.75,4.0,18.58736059479554,334075.0,0.1,0.9
290,0.0,0,64,1,1,0.0,0.0,0.0,0.5833333333333334,0.5,1.0,0.8333333333333333,0.0,0.0,0.0,3.0,18149.3,0.5,10.687732342007434,9074.65,0.5,0.5
291,0.0,0,71,3,5,0.0,1.0,0.5,0.16666666666666669,0.0,0.41666666666666663,0.9166666666666667,0.0,0.0,0.0,3.0,32707.149999999998,4.0,38.38289962825279,130828.59999999999,0.7,0.30000000000000004
292,0.5,0,30,5,5,0.5,0.6666666666666666,0.8333333333333333,0.6666666666666666,0.75,0.6666666666666666,0.41666666666666663,1.0,1.0,0.0,4.0,83518.75,0.5,38.38289962825279,41759.375,0.7,0.30000000000000004
293,0.0,0,80,3,98,0.0,0.5833333333333334,0.5833333333333334,0.5,0.5,0.75,0.75,0.0,0.0,0.0,2.0,32707.149999999998,4.0,86.43122676579925,130828.59999999999,0.5,0.5
294,0.0,0,36,5,6,0.25,0.5833333333333334,0.25,0.5833333333333334,0.08333333333333331,0.5,0.9166666666666667,0.0,0.0,0.1,3.0,83518.75,0.0,105.57620817843866,0.0,0.7,0.30000000000000004
295,0.25,0,30,2,2,0.5,0.0,0.0,0.25,0.25,1.0,1.0,0.0,0.0,0.0,3.0,20575.8,1.0,18.58736059479554,20575.8,0.5,0.5
296,0.0,0,31,5,6,1.0,0.0,0.0,0.16666666666666669,0.16666666666666669,0.6666666666666666,0.75,0.0,0.0,0.001,3.0,83518.75,3.0,105.57620817843866,250556.25,0.7,0.30000000000000004
297,0.5,0,33,1,3,0.5,0.41666666666666663,0.5,0.5833333333333334,0.75,0.5,0.5833333333333334,0.0,0.0,0.1,3.0,18149.3,0.0,24.442379182156134,0.0,0.7,0.30000000000000004
299,0.0,0,71,4,98,0.25,1.0,1.0,1.0,1.0,1.0,1.0,0.0,0.0,0.0,4.0,44266.95,3.0,86.43122676579925,132800.84999999998,0.9,0.09999999999999998
301,0.25,0,38,5,3,0.75,0.0,0.41666666666666663,0.25,0.33333333333333337,1.0,0.75,0.0,0.0,0.02,4.0,83518.75,4.0,24.442379182156134,334075.0,0.5,0.5
302,0.0,0,75,3,98,0.0,0.0,0.25,0.5833333333333334,0.41666666666666663,0.8333333333333333,0.8333333333333333,0.0,0.0,0.0,4.0,32707.149999999998,1.5,86.43122676579925,49060.725,0.1,0.9
303,0.0,1,52,5,6,0.0,0.16666666666666669,0.0,1.0,0.33333333333333337,0.5833333333333334,0.6666666666666666,0.0,0.0,0.001,3.0,83518.75,4.0,105.57620817843866,334075.0,0.7,0.30000000000000004
304,0.0,0,65,5,2,0.0,0.0,0.0,0.33333333333333337,0.41666666666666663,1.0,1.0,0.0,0.0,0.0,4.0,83518.75,4.0,18.58736059479554,334075.0,0.1,0.9
306,0.0,0,67,5,3,0.0,0.0,0.0,0.8333333333333333,1.0,0.8333333333333333,0.9166666666666667,0.0,0.0,0.0,3.0,83518.75,4.0,24.442379182156134,334075.0,0.5,0.5
309,0.25,1,62,1,98,0.5,0.16666666666666669,0.0,0.16666666666666669,0.0,0.9166666666666667,1.0,0.0,0.0,0.1,3.0,18149.3,4.0,86.43122676579925,72597.2,0.1,0.9
312,0.0,0,25,5,1,0.25,0.33333333333333337,0.16666666666666669,0.33333333333333337,0.41666666666666663,0.75,0.8333333333333333,0.0,0.0,0.001,4.0,83518.75,4.0,10.687732342007434,334075.0,0.5,0.5
316,0.25,0,24,1,1,0.5,0.0,0.0,0.6666666666666666,0.41666666666666663,0.5833333333333334,0.8333333333333333,0.0,0.0,0.001,3.0,18149.3,0.0,10.687732342007434,0.0,0.3,0.7
319,0.5,1,32,4,2,0.75,0.75,0.8333333333333333,0.9166666666666667,0.9166666666666667,0.75,0.75,0.0,1.0,0.1,3.0,44266.95,2.0,18.58736059479554,88533.9,0.7,0.30000000000000004
320,1.0,0,55,1,98,1.0,0.0,0.0,0.9166666666666667,0.8333333333333333,0.9166666666666667,0.9166666666666667,0.0,0.0,0.0,3.0,18149.3,0.5,86.43122676579925,9074.65,0.9,0.09999999999999998
322,0.0,0,76,2,5,0.0,0.0,0.0,0.75,1.0,1.0,1.0,0.0,0.0,0.0,2.0,20575.8,2.0,38.38289962825279,41151.6,0.5,0.5
323,0.0,0,27,2,98,0.75,0.5,0.6666666666666666,0.5,0.5,0.5,0.5833333333333334,1.0,0.0,0.001,4.0,20575.8,1.0,86.43122676579925,20575.8,0.3,0.7
324,0.5,0,68,3,5,0.5,0.0,0.0,0.5,0.5,1.0,1.0,0.0,0.0,0.01,3.0,32707.149999999998,0.0,38.38289962825279,0.0,0.9,0.09999999999999998
325,0.25,0,72,5,4,0.5,0.33333333333333337,0.0,0.5833333333333334,0.6666666666666666,0.5,0.6666666666666666,0.0,0.0,0.02,3.0,83518.75,3.0,34.85130111524164,250556.25,0.7,0.30000000000000004
326,0.0,0,42,4,98,0.25,0.0,0.0,0.5,0.5833333333333334,1.0,1.0,0.0,0.0,0.0,2.0,44266.95,0.0,86.43122676579925,0.0,0.5,0.5
327,0.25,0,35,3,3,0.25,0.0,0.0,0.9166666666666667,0.5833333333333334,1.0,1.0,0.0,0.0,0.001,3.0,32707.149999999998,0.0,24.442379182156134,0.0,0.3,0.7
330,0.0,0,31,5,3,0.0,0.5,0.5,0.5,0.5,0.5833333333333334,0.5833333333333334,0.0,0.0,0.0,3.0,83518.75,3.0,24.442379182156134,250556.25,0.1,0.9
332,0.25,0,42,4,1,0.25,0.6666666666666666,0.41666666666666663,0.41666666666666663,0.33333333333333337,0.41666666666666663,0.5833333333333334,0.0,0.0,0.0,2.0,44266.95,0.0,10.687732342007434,0.0,0.7,0.30000000000000004
340,0.5,0,42,5,3,0.5,0.5,0.5,0.25,0.25,0.5,0.5,0.0,0.0,0.001,3.0,83518.75,1.5,24.442379182156134,125278.125,0.5,0.5
341,0.0,0,37,5,3,0.25,0.5833333333333334,0.5,0.5,0.5,0.6666666666666666,0.6666666666666666,0.0,0.0,0.0,2.0,83518.75,1.0,24.442379182156134,83518.75,0.5,0.5
343,0.0,0,62,5,98,0.0,0.0,0.0,0.0,0.0,1.0,1.0,0.0,0.0,0.001,4.0,83518.75,0.5,86.43122676579925,41759.375,0.5,0.5
344,0.25,0,39,1,6,0.5,0.0,0.0,0.16666666666666669,0.33333333333333337,0.75,0.9166666666666667,0.0,0.0,0.02,3.0,18149.3,0.0,105.57620817843866,0.0,0.1,0.9
346,0.25,0,28,3,6,0.0,0.33333333333333337,0.0,0.5,0.5833333333333334,0.41666666666666663,0.75,0.0,0.0,0.001,3.0,32707.149999999998,3.0,105.57620817843866,98121.45,0.5,0.5
348,0.0,0,78,4,6,0.0,0.5,0.0,1.0,1.0,1.0,1.0,0.0,0.0,0.0,4.0,44266.95,0.5,105.57620817843866,22133.475,0.9,0.09999999999999998
349,0.0,0,37,2,1,0.0,0.0,0.0,0.5833333333333334,0.5,0.5,1.0,0.0,0.0,0.001,2.0,20575.8,0.0,10.687732342007434,0.0,0.7,0.30000000000000004
350,0.75,0,57,1,98,0.25,0.0,0.0,0.5,0.5,1.0,1.0,0.0,0.0,0.001,1.0,18149.3,0.0,86.43122676579925,0.0,0.1,0.9
356,0.0,0,71,4,4,0.0,0.0,0.0,1.0,1.0,1.0,1.0,0.0,0.0,0.001,1.0,44266.95,4.0,34.85130111524164,177067.8,0.5,0.5
357,0.0,0,34,3,3,0.75,0.6666666666666666,0.5833333333333334,0.9166666666666667,1.0,0.5,0.6666666666666666,1.0,1.0,0.0,4.0,32707.149999999998,0.5,24.442379182156134,16353.574999999999,0.7,0.30000000000000004
358,0.0,0,42,3,98,0.0,0.0,0.0,0.5,0.5,1.0,1.0,0.0,0.0,0.001,2.0,32707.149999999998,0.0,86.43122676579925,0.0,0.1,0.9
360,0.0,0,54,3,3,0.0,0.0,0.41666666666666663,0.5833333333333334,0.5833333333333334,0.6666666666666666,0.75,0.0,0.0,0.0,2.0,32707.149999999998,0.5,24.442379182156134,16353.574999999999,0.3,0.7
361,0.0,0,58,1,98,0.0,0.0,0.0,0.0,0.0,1.0,1.0,0.0,0.0,0.0,2.0,18149.3,0.0,86.43122676579925,0.0,0.5,0.5
362,0.0,0,69,3,3,0.25,0.5,0.16666666666666669,1.0,0.8333333333333333,0.16666666666666669,0.6666666666666666,0.0,0.0,0.001,3.0,32707.149999999998,3.0,24.442379182156134,98121.45,0.7,0.30000000000000004
363,0.0,0,58,4,98,0.25,0.0,0.0,0.6666666666666666,0.41666666666666663,0.9166666666666667,0.9166666666666667,0.0,0.0,0.001,4.0,44266.95,0.0,86.43122676579925,0.0,0.5,0.5
366,0.0,0,66,1,1,0.0,0.0,0.0,0.08333333333333331,0.16666666666666669,1.0,0.8333333333333333,0.0,0.0,0.005,2.0,18149.3,4.0,10.687732342007434,72597.2,0.1,0.9
368,0.0,0,72,1,3,0.25,0.0,0.41666666666666663,0.5833333333333334,0.75,0.9166666666666667,1.0,0.0,0.0,0.0,4.0,18149.3,0.0,24.442379182156134,0.0,0.9,0.09999999999999998
370,0.0,0,52,4,3,0.25,0.08333333333333331,0.16666666666666669,0.75,0.0,1.0,1.0,0.0,0.0,0.0,1.0,44266.95,0.0,24.442379182156134,0.0,0.1,0.9
371,0.25,1,57,4,6,0.5,0.8333333333333333,0.33333333333333337,0.5,0.33333333333333337,0.6666666666666666,0.5833333333333334,0.0,0.0,0.02,3.0,44266.95,3.0,105.57620817843866,132800.84999999998,0.3,0.7
372,0.0,0,73,2,2,0.5,0.08333333333333331,0.25,0.5,0.5,0.75,0.8333333333333333,0.0,0.0,0.0,2.0,20575.8,2.0,18.58736059479554,41151.6,0.1,0.9
374,0.0,0,28,5,98,0.5,0.0,0.0,0.41666666666666663,0.5833333333333334,0.33333333333333337,0.5833333333333334,0.0,0.0,0.001,4.0,83518.75,3.0,86.43122676579925,250556.25,0.5,0.5
376,0.0,1,51,2,1,0.0,0.0,0.0,0.08333333333333331,0.0,1.0,0.8333333333333333,0.0,0.0,0.0,4.0,20575.8,0.0,10.687732342007434,0.0,0.1,0.9
379,0.0,0,61,5,4,0.75,0.08333333333333331,0.0,0.6666666666666666,0.5833333333333334,0.75,1.0,0.0,0.0,0.01,3.0,83518.75,4.0,34.85130111524164,334075.0,0.5,0.5
381,0.25,1,76,2,6,0.5,0.25,0.75,0.8333333333333333,0.8333333333333333,0.6666666666666666,0.75,0.0,1.0,0.001,3.0,20575.8,4.0,105.57620817843866,82303.2,0.7,0.30000000000000004
386,0.25,1,32,5,98,0.5,0.0,0.0,0.5,0.5,0.5833333333333334,0.5833333333333334,0.0,0.0,0.001,3.0,83518.75,2.0,86.43122676579925,167037.5,0.7,0.30000000000000004
387,0.25,0,57,5,98,1.0,1.0,0.41666666666666663,0.5,0.5833333333333334,0.25,0.6666666666666666,0.0,0.0,0.005,4.0,83518.75,3.0,86.43122676579925,250556.25,0.7,0.30000000000000004
389,0.0,0,58,2,4,0.25,0.0,0.0,0.5,0.41666666666666663,0.5,0.6666666666666666,0.0,0.0,0.0,3.0,20575.8,2.0,34.85130111524164,41151.6,0.3,0.7
391,0.75,1,42,2,3,0.75,0.6666666666666666,0.5833333333333334,0.6666666666666666,0.41666666666666663,0.5833333333333334,0.75,0.0,1.0,0.002,3.0,20575.8,0.0,24.442379182156134,0.0,0.7,0.30000000000000004
392,0.0,0,34,5,98,0.25,0.41666666666666663,0.5,0.5,0.6666666666666666,0.5833333333333334,0.8333333333333333,0.0,0.0,0.005,4.0,83518.75,3.0,86.43122676579925,250556.25,0.5,0.5
393,0.0,0,79,1,6,0.5,0.5,0.6666666666666666,1.0,1.0,1.0,0.9166666666666667,0.0,0.0,0.0,2.0,18149.3,0.0,105.57620817843866,0.0,0.9,0.09999999999999998
395,0.25,0,65,5,3,0.25,0.0,0.0,1.0,0.9166666666666667,1.0,1.0,0.0,0.0,0.01,2.0,83518.75,4.0,24.442379182156134,334075.0,0.5,0.5
399,0.25,0,28,5,98,0.25,0.5833333333333334,0.25,0.33333333333333337,0.41666666666666663,0.75,0.9166666666666667,0.0,0.0,0.0,4.0,83518.75,4.0,86.43122676579925,334075.0,0.7,0.30000000000000004
401,1.0,0,50,1,3,0.5,1.0,1.0,1.0,1.0,1.0,1.0,0.0,0.0,0.01,2.0,18149.3,0.0,24.442379182156134,0.0,0.9,0.09999999999999998
402,0.0,0,50,1,1,0.0,0.0,0.0,0.5,0.5,0.75,0.5833333333333334,0.0,0.0,0.0,2.0,18149.3,1.0,10.687732342007434,18149.3,0.1,0.9
404,0.25,0,66,4,4,0.75,0.0,0.0,0.41666666666666663,0.5833333333333334,0.75,0.8333333333333333,0.0,0.0,0.02,4.0,44266.95,0.0,34.85130111524164,0.0,0.1,0.9
405,0.0,0,57,3,6,0.0,0.0,0.0,0.16666666666666669,0.5,0.5833333333333334,0.8333333333333333,0.0,0.0,0.0,4.0,32707.149999999998,4.0,105.57620817843866,130828.59999999999,0.9,0.09999999999999998
406,0.0,0,69,5,6,0.75,0.41666666666666663,0.25,0.16666666666666669,0.41666666666666663,0.5,0.75,0.0,0.0,0.0,3.0,83518.75,4.0,105.57620817843866,334075.0,0.7,0.30000000000000004
408,0.0,0,20,2,98,0.0,0.33333333333333337,0.08333333333333331,0.5,0.5833333333333334,0.41666666666666663,0.5833333333333334,0.0,0.0,0.001,2.0,20575.8,0.0,86.43122676579925,0.0,0.5,0.5
411,0.25,1,60,1,3,0.0,0.0,0.0,0.5,0.5,1.0,0.9166666666666667,0.0,0.0,0.1,2.0,18149.3,0.0,24.442379182156134,0.0,0.5,0.5
412,0.0,0,42,5,6,0.25,0.0,0.0,0.5,0.5,0.5833333333333334,0.75,0.0,0.0,0.0,3.0,83518.75,0.0,105.57620817843866,0.0,0.1,0.9
413,0.0,0,56,3,3,0.0,0.16666666666666669,0.08333333333333331,0.25,0.41666666666666663,0.6666666666666666,0.75,0.0,0.0,0.002,3.0,32707.149999999998,0.0,24.442379182156134,0.0,0.3,0.7
414,0.25,0,53,2,1,0.75,1.0,0.6666666666666666,1.0,1.0,1.0,1.0,1.0,0.0,0.0,2.0,20575.8,0.5,10.687732342007434,10287.9,0.9,0.09999999999999998
416,0.75,0,48,1,6,0.5,0.0,0.0,0.41666666666666663,0.5833333333333334,0.8333333333333333,1.0,0.0,0.0,0.02,4.0,18149.3,0.0,105.57620817843866,0.0,0.5,0.5
417,0.25,0,49,4,2,0.25,0.0,0.0,0.41666666666666663,0.6666666666666666,0.5,0.6666666666666666,0.0,0.0,0.001,2.0,44266.95,2.0,18.58736059479554,88533.9,0.9,0.09999999999999998
420,0.0,0,42,4,2,0.0,0.0,0.33333333333333337,0.16666666666666669,0.33333333333333337,0.5833333333333334,1.0,0.0,0.0,0.0,3.0,44266.95,4.0,18.58736059479554,177067.8,0.1,0.9
421,0.0,0,58,2,98,0.0,0.0,0.0,0.9166666666666667,0.8333333333333333,1.0,0.9166666666666667,0.0,0.0,0.0,2.0,20575.8,0.0,86.43122676579925,0.0,0.9,0.09999999999999998
422,0.0,0,49,3,6,0.5,0.33333333333333337,0.0,0.5833333333333334,0.41666666666666663,0.5833333333333334,0.75,0.0,0.0,0.0,4.0,32707.149999999998,4.0,105.57620817843866,130828.59999999999,0.9,0.09999999999999998
424,0.25,0,25,3,3,0.5,0.16666666666666669,0.0,0.25,0.25,0.33333333333333337,0.9166666666666667,0.0,0.0,0.002,4.0,32707.149999999998,4.0,24.442379182156134,130828.59999999999,0.3,0.7
430,0.0,0,44,3,4,0.0,0.16666666666666669,0.16666666666666669,0.6666666666666666,0.6666666666666666,0.41666666666666663,0.5833333333333334,0.0,0.0,0.0,2.0,32707.149999999998,0.0,34.85130111524164,0.0,0.7,0.30000000000000004
434,0.0,0,25,1,98,0.0,0.0,0.0,0.41666666666666663,0.5,0.5,0.5,0.0,0.0,0.0,2.0,18149.3,0.5,86.43122676579925,9074.65,0.1,0.9
436,0.5,0,54,4,3,0.5,0.41666666666666663,0.41666666666666663,0.5,0.5833333333333334,0.8333333333333333,0.75,0.0,0.0,0.1,2.0,44266.95,1.5,24.442379182156134,66400.42499999999,0.3,0.7
440,0.0,0,69,2,98,0.5,0.5,0.5,0.5,0.5,0.75,0.75,0.0,0.0,0.0,3.0,20575.8,1.0,86.43122676579925,20575.8,0.5,0.5
441,0.5,0,72,1,1,1.0,0.0,0.0,0.33333333333333337,0.41666666666666663,0.41666666666666663,0.8333333333333333,0.0,0.0,0.001,3.0,18149.3,0.0,10.687732342007434,0.0,0.3,0.7
442,0.0,0,32,5,6,0.0,0.5,0.5,0.41666666666666663,0.5,0.8333333333333333,1.0,0.0,0.0,0.001,3.0,83518.75,4.0,105.57620817843866,334075.0,0.5,0.5
443,0.75,1,32,5,3,0.25,1.0,0.75,0.5,0.5833333333333334,0.5833333333333334,0.6666666666666666,0.0,1.0,1.0,3.0,83518.75,1.5,24.442379182156134,125278.125,0.9,0.09999999999999998
445,0.0,0,77,3,6,0.5,0.0,0.0,0.41666666666666663,0.5833333333333334,1.0,0.9166666666666667,0.0,0.0,0.0,3.0,32707.149999999998,4.0,105.57620817843866,130828.59999999999,0.3,0.7
446,0.25,0,40,4,4,0.75,0.5,0.5833333333333334,0.5,0.5833333333333334,0.5833333333333334,0.6666666666666666,0.0,0.0,0.01,3.0,44266.95,4.0,34.85130111524164,177067.8,0.5,0.5
449,0.0,0,52,3,3,0.0,0.33333333333333337,0.08333333333333331,0.5,0.5,0.33333333333333337,0.5,0.0,0.0,0.0,3.0,32707.149999999998,4.0,24.442379182156134,130828.59999999999,0.9,0.09999999999999998
451,0.0,0,68,5,6,0.0,0.5,0.08333333333333331,0.16666666666666669,0.08333333333333331,0.41666666666666663,0.6666666666666666,0.0,0.0,0.0,4.0,83518.75,4.0,105.57620817843866,334075.0,0.9,0.09999999999999998
452,0.0,0,34,4,98,0.0,0.0,0.0,0.5,0.75,0.5833333333333334,0.75,0.0,0.0,0.001,3.0,44266.95,0.5,86.43122676579925,22133.475,0.5,0.5
454,0.25,0,57,1,98,0.0,0.0,0.0,0.5,0.25,0.41666666666666663,0.75,0.0,0.0,0.01,2.0,18149.3,0.0,86.43122676579925,0.0,0.5,0.5
457,0.0,0,44,1,98,0.0,0.0,0.0,0.16666666666666669,0.0,1.0,0.8333333333333333,0.0,0.0,0.0,3.0,18149.3,0.0,86.43122676579925,0.0,0.9,0.09999999999999998
458,0.0,0,56,1,3,0.5,0.0,0.0,0.0,0.0,1.0,0.0,0.0,0.0,0.001,2.0,18149.3,1.0,24.442379182156134,18149.3,0.5,0.5
459,0.25,0,63,5,6,1.0,0.41666666666666663,0.33333333333333337,0.33333333333333337,0.16666666666666669,0.33333333333333337,0.8333333333333333,0.0,0.0,0.001,4.0,83518.75,4.0,105.57620817843866,334075.0,0.5,0.5
461,0.0,0,56,2,5,0.5,0.0,0.0,0.75,0.75,1.0,1.0,0.0,0.0,0.0,2.0,20575.8,0.0,38.38289962825279,0.0,0.5,0.5
462,0.75,0,58,3,2,0.5,0.25,0.0,0.5833333333333334,0.41666666666666663,0.6666666666666666,0.9166666666666667,0.0,0.0,0.005,2.0,32707.149999999998,0.5,18.58736059479554,16353.574999999999,0.5,0.5
463,0.0,0,69,4,98,0.0,0.0,0.0,0.0,0.0,0.5,0.5,0.0,0.0,0.0,3.0,44266.95,4.0,86.43122676579925,177067.8,0.5,0.5
465,0.25,0,41,5,3,0.0,0.33333333333333337,0.08333333333333331,0.33333333333333337,0.5,0.33333333333333337,0.9166666666666667,0.0,0.0,0.002,2.0,83518.75,4.0,24.442379182156134,334075.0,0.5,0.5
467,0.0,0,65,2,98,0.0,0.0,0.0,0.0,0.0,1.0,1.0,0.0,0.0,0.0,2.0,20575.8,4.0,86.43122676579925,82303.2,0.1,0.9
469,0.5,0,20,5,6,0.5,0.41666666666666663,0.5,0.41666666666666663,0.5,0.5833333333333334,0.5833333333333334,0.0,0.0,0.001,2.0,83518.75,4.0,105.57620817843866,334075.0,0.7,0.30000000000000004
471,0.0,0,38,2,98,0.0,0.5,0.5,0.25,0.41666666666666663,1.0,0.8333333333333333,0.0,0.0,0.001,2.0,20575.8,0.5,86.43122676579925,10287.9,0.5,0.5
477,0.0,0,61,5,3,0.5,0.25,0.33333333333333337,0.5,0.5,0.5833333333333334,0.6666666666666666,1.0,0.0,0.0,2.0,83518.75,4.0,24.442379182156134,334075.0,0.5,0.5
478,0.25,0,68,5,4,0.0,0.5833333333333334,0.5,0.33333333333333337,0.41666666666666663,0.6666666666666666,0.9166666666666667,0.0,0.0,0.001,2.0,83518.75,0.5,34.85130111524164,41759.375,0.5,0.5
481,0.0,0,71,4,3,0.0,0.16666666666666669,0.0,0.25,0.0,0.75,1.0,0.0,0.0,0.0,4.0,44266.95,4.0,24.442379182156134,177067.8,0.1,0.9
483,0.0,0,35,5,5,0.0,0.25,0.33333333333333337,0.41666666666666663,0.41666666666666663,0.8333333333333333,0.9166666666666667,0.0,1.0,0.0,2.0,83518.75,4.0,38.38289962825279,334075.0,0.5,0.5
484,0.0,0,35,2,1,0.5,0.0,0.0,0.0,0.16666666666666669,0.5,0.5,0.0,0.0,0.0,2.0,20575.8,0.0,10.687732342007434,0.0,0.1,0.9
485,0.0,0,34,4,98,0.5,0.25,0.33333333333333337,0.5,0.5833333333333334,0.75,1.0,0.0,0.0,0.0,2.0,44266.95,1.0,86.43122676579925,44266.95,0.5,0.5
486,0.0,1,73,5,6,0.0,0.5833333333333334,0.5,0.6666666666666666,0.75,0.5,0.6666666666666666,0.0,0.0,0.0,4.0,83518.75,4.0,105.57620817843866,334075.0,0.7,0.30000000000000004
487,0.0,0,42,4,5,0.25,0.41666666666666663,0.25,0.25,0.33333333333333337,0.41666666666666663,0.33333333333333337,0.0,0.0,0.0,2.0,44266.95,4.0,38.38289962825279,177067.8,0.5,0.5
488,0.25,0,28,3,6,0.25,0.25,0.0,0.5833333333333334,0.41666666666666663,0.6666666666666666,0.75,0.0,0.0,0.02,4.0,32707.149999999998,4.0,105.57620817843866,130828.59999999999,0.5,0.5
489,0.0,0,60,4,4,0.0,0.16666666666666669,0.33333333333333337,0.8333333333333333,0.6666666666666666,0.25,0.6666666666666666,0.0,1.0,0.01,2.0,44266.95,4.0,34.85130111524164,177067.8,0.9,0.09999999999999998
494,0.0,0,41,4,3,0.0,0.0,0.0,0.5,0.5,0.75,0.9166666666666667,0.0,0.0,0.001,3.0,44266.95,0.0,24.442379182156134,0.0,0.3,0.7
495,0.0,0,64,5,3,0.0,0.0,0.0,0.33333333333333337,0.0,0.5833333333333334,0.9166666666666667,0.0,0.0,0.0,3.0,83518.75,4.0,24.442379182156134,334075.0,0.5,0.5
496,0.5,1,20,5,6,0.75,0.25,0.0,0.5833333333333334,0.33333333333333337,1.0,1.0,1.0,0.0,1.0,2.0,83518.75,0.0,105.57620817843866,0.0,0.7,0.30000000000000004
497,0.25,0,53,4,6,0.75,0.0,0.0,0.5,0.41666666666666663,1.0,1.0,0.0,0.0,0.0,2.0,44266.95,0.0,105.57620817843866,0.0,0.1,0.9
499,0.0,0,31,5,5,0.25,0.33333333333333337,0.5,0.5,0.41666666666666663,0.5833333333333334,0.5,0.0,0.0,0.002,3.0,83518.75,3.0,38.38289962825279,250556.25,0.3,0.7
501,0.0,0,68,4,6,0.0,0.0,0.25,0.0,0.0,1.0,1.0,0.0,0.0,0.0,3.0,44266.95,4.0,105.57620817843866,177067.8,0.3,0.7
502,0.0,0,69,1,2,0.0,0.5,0.8333333333333333,0.25,0.25,0.5,0.6666666666666666,0.0,0.0,0.0,1.0,18149.3,0.0,18.58736059479554,0.0,0.5,0.5
506,0.0,0,66,1,98,0.5,0.0,0.0,1.0,1.0,1.0,0.9166666666666667,0.0,0.0,0.0,2.0,18149.3,0.0,86.43122676579925,0.0,0.1,0.9
507,0.0,0,86,4,6,0.75,0.25,0.16666666666666669,0.0,0.16666666666666669,0.33333333333333337,0.5833333333333334,0.0,0.0,0.002,2.0,44266.95,4.0,105.57620817843866,177067.8,0.7,0.30000000000000004
510,0.0,0,27,4,2,0.25,0.5,0.41666666666666663,0.41666666666666663,0.33333333333333337,0.5,0.5833333333333334,0.0,0.0,0.0,2.0,44266.95,4.0,18.58736059479554,177067.8,0.9,0.09999999999999998
514,0.25,1,62,1,98,0.0,0.16666666666666669,0.0,0.16666666666666669,0.0,1.0,1.0,0.0,0.0,0.1,2.0,18149.3,0.0,86.43122676579925,0.0,0.7,0.30000000000000004
515,0.0,0,35,4,1,0.0,0.0,0.0,0.75,0.5,0.75,0.75,0.0,0.0,0.0,3.0,44266.95,2.0,10.687732342007434,88533.9,0.1,0.9
519,0.25,0,35,4,98,0.5,0.33333333333333337,0.16666666666666669,0.5833333333333334,0.5833333333333334,0.6666666666666666,1.0,0.0,0.0,0.001,4.0,44266.95,3.0,86.43122676579925,132800.84999999998,0.7,0.30000000000000004
520,0.0,0,56,5,6,0.75,0.75,0.6666666666666666,0.6666666666666666,0.5,0.75,0.75,0.0,0.0,0.0,2.0,83518.75,3.0,105.57620817843866,250556.25,0.1,0.9
523,0.0,0,62,3,98,0.0,0.0,0.0,0.08333333333333331,0.0,0.5833333333333334,1.0,0.0,0.0,0.0,2.0,32707.149999999998,4.0,86.43122676579925,130828.59999999999,0.1,0.9
524,0.0,0,37,1,2,0.0,0.5,0.41666666666666663,0.41666666666666663,0.41666666666666663,0.5833333333333334,0.6666666666666666,0.0,0.0,0.001,3.0,18149.3,0.0,18.58736059479554,0.0,0.9,0.09999999999999998
526,0.0,0,61,5,98,0.0,0.0,0.0,0.5833333333333334,0.33333333333333337,0.8333333333333333,0.9166666666666667,0.0,0.0,0.001,1.0,83518.75,3.0,86.43122676579925,250556.25,0.3,0.7
527,0.25,0,56,3,2,0.5,0.0,0.0,0.0,0.0,1.0,1.0,0.0,0.0,0.002,3.0,32707.149999999998,4.0,18.58736059479554,130828.59999999999,0.1,0.9
528,0.0,0,24,5,6,0.25,0.0,0.0,0.41666666666666663,0.5833333333333334,0.5833333333333334,0.75,0.0,0.0,0.005,4.0,83518.75,4.0,105.57620817843866,334075.0,0.7,0.30000000000000004
530,0.0,0,67,5,98,0.0,0.0,0.0,0.41666666666666663,0.5,0.25,0.75,0.0,0.0,0.01,3.0,83518.75,4.0,86.43122676579925,334075.0,0.5,0.5
531,0.0,0,45,5,1,0.5,0.0,0.0,0.25,0.41666666666666663,0.41666666666666663,0.6666666666666666,0.0,0.0,0.0,3.0,83518.75,4.0,10.687732342007434,334075.0,0.5,0.5
533,0.25,0,39,4,2,0.25,0.33333333333333337,0.5,0.33333333333333337,0.33333333333333337,0.41666666666666663,0.5833333333333334,0.0,0.0,0.002,2.0,44266.95,3.0,18.58736059479554,132800.84999999998,0.3,0.7
536,0.0,0,47,3,3,0.0,0.0,0.0,0.75,0.75,0.5,0.5,0.0,0.0,0.0,2.0,32707.149999999998,0.0,24.442379182156134,0.0,0.5,0.5
538,0.0,0,27,5,3,0.25,0.08333333333333331,0.33333333333333337,0.5,0.6666666666666666,0.5833333333333334,0.8333333333333333,0.0,0.0,0.001,4.0,83518.75,3.0,24.442379182156134,250556.25,0.3,0.7
540,0.25,0,50,3,98,0.25,0.0,0.0,0.5833333333333334,0.33333333333333337,1.0,1.0,0.0,0.0,0.02,3.0,32707.149999999998,1.0,86.43122676579925,32707.149999999998,0.7,0.30000000000000004
541,0.5,0,35,4,6,0.5,0.0,0.0,0.6666666666666666,0.41666666666666663,0.6666666666666666,0.8333333333333333,0.0,0.0,0.002,4.0,44266.95,2.0,105.57620817843866,88533.9,0.7,0.30000000000000004
542,0.0,0,66,2,6,0.25,0.41666666666666663,0.16666666666666669,0.25,0.25,0.8333333333333333,0.8333333333333333,0.0,0.0,0.0,3.0,20575.8,4.0,105.57620817843866,82303.2,0.7,0.30000000000000004
544,0.0,0,67,2,4,0.0,0.5,0.16666666666666669,0.5833333333333334,0.41666666666666663,0.75,0.8333333333333333,0.0,0.0,0.0,3.0,20575.8,4.0,34.85130111524164,82303.2,0.7,0.30000000000000004
547,0.5,1,52,2,2,0.5,0.5,0.08333333333333331,0.33333333333333337,0.0,1.0,1.0,0.0,0.0,0.0,3.0,20575.8,0.0,18.58736059479554,0.0,0.9,0.09999999999999998
548,0.0,0,49,5,6,0.0,0.0,0.0,0.0,0.0,1.0,1.0,0.0,0.0,0.0,3.0,83518.75,0.5,105.57620817843866,41759.375,0.5,0.5
550,0.0,0,58,5,3,0.0,0.16666666666666669,0.0,0.6666666666666666,1.0,0.5,0.0,0.0,1.0,0.0,3.0,83518.75,0.0,24.442379182156134,0.0,0.5,0.5
551,0.0,0,77,5,6,0.0,0.41666666666666663,0.33333333333333337,0.33333333333333337,0.16666666666666669,0.75,0.9166666666666667,0.0,0.0,0.0,4.0,83518.75,4.0,105.57620817843866,334075.0,0.5,0.5
553,0.0,1,64,2,5,0.25,0.41666666666666663,0.41666666666666663,0.41666666666666663,0.33333333333333337,0.5833333333333334,0.8333333333333333,0.0,0.0,0.001,2.0,20575.8,4.0,38.38289962825279,82303.2,0.1,0.9
554,0.0,0,50,3,4,0.75,0.0,0.0,0.5,0.5,0.8333333333333333,0.9166666666666667,0.0,0.0,0.01,2.0,32707.149999999998,0.0,34.85130111524164,0.0,0.5,0.5
555,1.0,0,21,1,98,0.75,0.0,0.0,0.75,0.75,1.0,1.0,0.0,0.0,0.0,2.0,18149.3,2.0,86.43122676579925,36298.6,0.7,0.30000000000000004
556,0.0,0,75,5,5,0.0,1.0,0.16666666666666669,0.5833333333333334,0.33333333333333337,0.9166666666666667,0.6666666666666666,0.0,0.0,0.001,4.0,83518.75,4.0,38.38289962825279,334075.0,0.9,0.09999999999999998
557,0.25,1,62,5,5,0.0,0.08333333333333331,0.0,0.25,0.5833333333333334,0.5833333333333334,0.5833333333333334,0.0,0.0,0.002,2.0,83518.75,4.0,38.38289962825279,334075.0,0.7,0.30000000000000004
559,0.25,0,43,5,6,0.0,0.0,0.0,0.5,0.5,1.0,1.0,0.0,0.0,0.01,4.0,83518.75,0.0,105.57620817843866,0.0,0.5,0.5
560,1.0,0,30,1,98,1.0,0.0,0.0,0.5,0.5,1.0,1.0,0.0,0.0,0.1,4.0,18149.3,0.0,86.43122676579925,0.0,0.9,0.09999999999999998
562,0.0,0,50,3,3,0.5,0.0,0.0,0.5,0.5,1.0,1.0,0.0,0.0,0.002,4.0,32707.149999999998,2.0,24.442379182156134,65414.299999999996,0.7,0.30000000000000004
563,0.25,0,42,2,6,0.5,0.08333333333333331,0.41666666666666663,0.33333333333333337,0.5,0.0,0.08333333333333331,0.0,1.0,0.002,4.0,20575.8,0.0,105.57620817843866,0.0,0.9,0.09999999999999998
567,0.25,0,44,3,3,0.25,0.0,0.0,0.5,0.5833333333333334,0.6666666666666666,1.0,0.0,0.0,0.01,4.0,32707.149999999998,0.0,24.442379182156134,0.0,0.5,0.5
568,0.25,1,55,3,4,0.5,0.33333333333333337,0.0,0.0,0.0,0.9166666666666667,1.0,0.0,0.0,0.02,2.0,32707.149999999998,4.0,34.85130111524164,130828.59999999999,0.7,0.30000000000000004
569,0.25,1,63,4,4,0.75,0.5,0.5,0.0,0.08333333333333331,0.5833333333333334,0.8333333333333333,0.0,0.0,0.002,2.0,44266.95,4.0,34.85130111524164,177067.8,0.5,0.5
570,0.0,1,69,2,6,0.0,0.6666666666666666,0.25,0.5,0.0,0.5,0.8333333333333333,0.0,1.0,0.001,4.0,20575.8,3.0,105.57620817843866,61727.399999999994,0.7,0.30000000000000004
571,0.0,1,70,2,3,0.25,0.0,0.0,0.25,0.25,1.0,1.0,0.0,0.0,0.002,1.0,20575.8,0.0,24.442379182156134,0.0,0.3,0.7
572,0.0,1,54,5,98,0.25,0.25,0.08333333333333331,0.5,0.6666666666666666,0.41666666666666663,0.6666666666666666,0.0,0.0,0.0,4.0,83518.75,1.5,86.43122676579925,125278.125,0.5,0.5
573,0.25,1,39,1,2,0.75,0.16666666666666669,0.0,1.0,0.8333333333333333,0.5833333333333334,1.0,0.0,0.0,0.02,3.0,18149.3,0.0,18.58736059479554,0.0,0.7,0.30000000000000004
574,0.0,0,61,5,5,0.0,0.5,0.16666666666666669,0.41666666666666663,0.16666666666666669,0.75,0.8333333333333333,0.0,0.0,0.0,4.0,83518.75,4.0,38.38289962825279,334075.0,0.5,0.5
575,0.75,1,55,4,6,1.0,0.0,0.0,0.25,0.41666666666666663,1.0,1.0,0.0,0.0,0.02,3.0,44266.95,0.0,105.57620817843866,0.0,0.9,0.09999999999999998
576,0.0,0,59,1,3,0.0,0.33333333333333337,0.0,0.8333333333333333,0.8333333333333333,1.0,1.0,0.0,0.0,0.0,2.0,18149.3,1.0,24.442379182156134,18149.3,0.7,0.30000000000000004
579,0.0,1,62,5,98,0.0,0.5,0.5,0.75,0.75,0.75,0.75,0.0,0.0,0.0,4.0,83518.75,4.0,86.43122676579925,334075.0,0.1,0.9
580,0.0,0,36,5,6,0.25,0.41666666666666663,0.16666666666666669,0.41666666666666663,0.41666666666666663,0.5,0.8333333333333333,0.0,0.0,0.02,3.0,83518.75,0.0,105.57620817843866,0.0,0.5,0.5
583,0.0,0,52,3,2,0.0,0.0,0.0,0.33333333333333337,0.33333333333333337,0.8333333333333333,1.0,0.0,0.0,0.0,2.0,32707.149999999998,0.0,18.58736059479554,0.0,0.1,0.9
585,0.0,0,58,4,3,0.0,0.25,0.16666666666666669,0.41666666666666663,0.6666666666666666,0.8333333333333333,0.8333333333333333,0.0,0.0,0.0,4.0,44266.95,3.0,24.442379182156134,132800.84999999998,0.1,0.9
586,0.0,0,66,2,3,0.0,0.0,0.0,0.25,0.0,0.41666666666666663,0.8333333333333333,0.0,0.0,0.001,4.0,20575.8,4.0,24.442379182156134,82303.2,0.1,0.9
587,0.0,0,68,2,6,0.0,0.5833333333333334,0.41666666666666663,0.33333333333333337,0.6666666666666666,1.0,1.0,0.0,1.0,0.0,3.0,20575.8,4.0,105.57620817843866,82303.2,0.1,0.9
588,0.0,0,61,1,98,0.0,0.0,0.0,0.08333333333333331,0.0,1.0,1.0,0.0,0.0,0.01,3.0,18149.3,2.0,86.43122676579925,36298.6,0.5,0.5
589,0.0,0,41,5,98,0.0,0.41666666666666663,0.0,0.6666666666666666,0.75,1.0,1.0,0.0,0.0,0.0,4.0,83518.75,3.0,86.43122676579925,250556.25,0.7,0.30000000000000004
590,0.0,0,43,4,3,0.0,0.0,0.0,0.5833333333333334,0.0,1.0,1.0,0.0,0.0,1.0,3.0,44266.95,0.0,24.442379182156134,0.0,0.9,0.09999999999999998
591,0.0,0,50,4,3,0.25,0.25,0.0,0.25,0.25,0.5,0.5,0.0,0.0,0.001,3.0,44266.95,0.0,24.442379182156134,0.0,0.5,0.5
593,0.0,0,79,4,6,0.0,0.25,0.08333333333333331,0.9166666666666667,1.0,0.5833333333333334,0.9166666666666667,0.0,0.0,0.0,3.0,44266.95,4.0,105.57620817843866,177067.8,0.5,0.5
594,0.0,0,67,3,98,1.0,0.5833333333333334,0.5,0.41666666666666663,0.41666666666666663,0.5833333333333334,0.75,1.0,0.0,0.001,3.0,32707.149999999998,4.0,86.43122676579925,130828.59999999999,0.5,0.5
595,0.0,0,49,2,2,0.0,0.0,0.0,0.0,0.0,1.0,1.0,0.0,0.0,0.0,3.0,20575.8,4.0,18.58736059479554,82303.2,0.7,0.30000000000000004
597,0.25,0,55,1,98,0.25,0.08333333333333331,0.0,0.33333333333333337,0.5,0.41666666666666663,0.5833333333333334,0.0,0.0,0.001,2.0,18149.3,0.5,86.43122676579925,9074.65,0.5,0.5
600,0.0,0,33,5,98,0.0,0.5,0.5833333333333334,0.75,0.75,0.5,0.5,0.0,0.0,0.0,3.0,83518.75,0.5,86.43122676579925,41759.375,0.5,0.5
601,0.0,0,63,5,6,0.0,0.75,0.33333333333333337,0.5,0.33333333333333337,0.25,0.8333333333333333,0.0,0.0,0.0,4.0,83518.75,3.0,105.57620817843866,250556.25,0.7,0.30000000000000004
603,0.0,0,29,5,6,0.75,0.75,0.75,0.75,0.75,0.75,0.75,0.0,0.0,0.0,4.0,83518.75,2.0,105.57620817843866,167037.5,0.5,0.5
604,0.0,0,63,4,6,0.0,0.16666666666666669,0.0,0.6666666666666666,0.5,0.75,0.8333333333333333,0.0,0.0,0.001,2.0,44266.95,4.0,105.57620817843866,177067.8,0.7,0.30000000000000004
606,0.0,0,67,3,6,0.0,0.0,0.0,0.6666666666666666,0.16666666666666669,1.0,1.0,0.0,0.0,0.0,4.0,32707.149999999998,4.0,105.57620817843866,130828.59999999999,0.1,0.9
607,0.75,0,58,5,6,0.25,0.8333333333333333,0.0,0.5,0.0,0.5,0.6666666666666666,0.0,1.0,0.005,3.0,83518.75,4.0,105.57620817843866,334075.0,0.9,0.09999999999999998
608,0.5,0,35,2,1,0.5,0.9166666666666667,0.5833333333333334,0.5,0.6666666666666666,0.8333333333333333,0.6666666666666666,0.0,0.0,0.0,3.0,20575.8,1.5,10.687732342007434,30863.699999999997,0.5,0.5
609,0.0,0,58,4,98,0.0,0.6666666666666666,0.5833333333333334,0.5,0.5833333333333334,0.5,0.8333333333333333,0.0,0.0,0.001,3.0,44266.95,4.0,86.43122676579925,177067.8,0.3,0.7
611,0.5,1,67,5,6,0.5,0.0,0.0,0.0,0.0,1.0,1.0,0.0,0.0,0.01,3.0,83518.75,4.0,105.57620817843866,334075.0,0.9,0.09999999999999998
612,0.25,0,71,4,3,0.25,0.16666666666666669,0.25,0.33333333333333337,0.25,0.9166666666666667,0.5833333333333334,0.0,0.0,0.01,2.0,44266.95,4.0,24.442379182156134,177067.8,0.3,0.7
615,1.0,0,29,3,5,1.0,0.5,0.5833333333333334,0.6666666666666666,0.75,0.5833333333333334,0.5833333333333334,0.0,0.0,0.02,3.0,32707.149999999998,1.0,38.38289962825279,32707.149999999998,0.5,0.5
617,0.0,0,74,4,4,0.5,0.25,0.08333333333333331,0.25,0.5,0.5,0.8333333333333333,0.0,0.0,0.001,4.0,44266.95,4.0,34.85130111524164,177067.8,0.3,0.7
618,0.0,0,67,3,6,0.0,0.0,0.0,1.0,1.0,1.0,1.0,0.0,0.0,0.0,4.0,32707.149999999998,4.0,105.57620817843866,130828.59999999999,0.1,0.9
620,0.25,0,24,3,98,0.5,1.0,1.0,0.41666666666666663,0.5,1.0,1.0,0.0,0.0,1.0,2.0,32707.149999999998,0.0,86.43122676579925,0.0,0.3,0.7
622,0.5,0,23,1,98,0.5,0.08333333333333331,0.25,0.6666666666666666,0.5833333333333334,0.5,0.6666666666666666,0.0,0.0,0.0,2.0,18149.3,0.0,86.43122676579925,0.0,0.7,0.30000000000000004
623,0.25,1,49,5,2,0.5,0.0,0.0,0.6666666666666666,0.5,0.5,0.6666666666666666,0.0,0.0,0.001,4.0,83518.75,3.0,18.58736059479554,250556.25,0.9,0.09999999999999998
624,0.0,0,55,2,3,0.25,0.0,0.0,0.25,0.41666666666666663,1.0,1.0,0.0,0.0,0.0,2.0,20575.8,0.0,24.442379182156134,0.0,0.9,0.09999999999999998
625,0.0,0,43,1,98,0.0,0.75,0.5833333333333334,0.16666666666666669,0.33333333333333337,0.33333333333333337,0.25,0.0,0.0,0.0,4.0,18149.3,0.0,86.43122676579925,0.0,0.3,0.7
627,0.25,1,46,5,98,0.0,0.16666666666666669,0.16666666666666669,0.5,0.5,0.75,0.75,0.0,0.0,0.001,2.0,83518.75,2.0,86.43122676579925,167037.5,0.7,0.30000000000000004
630,0.0,0,25,5,98,0.25,0.0,0.0,0.5,0.8333333333333333,1.0,1.0,0.0,0.0,0.001,2.0,83518.75,0.5,86.43122676579925,41759.375,0.1,0.9
631,0.25,1,28,5,5,1.0,0.9166666666666667,0.5833333333333334,0.9166666666666667,1.0,1.0,0.75,0.0,1.0,0.1,3.0,83518.75,4.0,38.38289962825279,334075.0,0.9,0.09999999999999998
633,0.0,0,73,2,4,0.25,0.33333333333333337,0.16666666666666669,0.33333333333333337,0.6666666666666666,0.5833333333333334,0.75,0.0,0.0,0.0,2.0,20575.8,4.0,34.85130111524164,82303.2,0.7,0.30000000000000004
635,0.0,0,56,2,5,0.5,0.0,0.33333333333333337,0.5,1.0,0.6666666666666666,0.9166666666666667,0.0,0.0,0.001,3.0,20575.8,0.0,38.38289962825279,0.0,0.9,0.09999999999999998
636,0.5,0,24,1,2,0.5,0.5,0.5,0.5,0.5,0.5,0.5,0.0,0.0,0.001,4.0,18149.3,0.0,18.58736059479554,0.0,0.5,0.5
637,0.25,0,75,4,6,0.25,0.0,0.0,0.0,0.0,1.0,1.0,0.0,0.0,0.0,4.0,44266.95,3.0,105.57620817843866,132800.84999999998,0.1,0.9
638,0.0,1,68,5,6,0.0,1.0,1.0,1.0,1.0,0.0,0.0,0.0,0.0,0.0,4.0,83518.75,4.0,105.57620817843866,334075.0,0.1,0.9
640,0.0,0,73,4,6,0.0,0.33333333333333337,0.0,0.5,0.25,0.75,0.9166666666666667,0.0,0.0,0.0,2.0,44266.95,4.0,105.57620817843866,177067.8,0.3,0.7
641,0.0,0,66,4,4,0.25,0.0,0.0,0.0,0.0,1.0,1.0,0.0,0.0,0.0,4.0,44266.95,4.0,34.85130111524164,177067.8,0.5,0.5
642,0.25,0,35,4,98,0.5,0.0,0.0,0.5,0.5833333333333334,0.5833333333333334,0.9166666666666667,0.0,0.0,0.005,4.0,44266.95,0.0,86.43122676579925,0.0,0.5,0.5
643,0.25,0,52,2,2,0.25,0.33333333333333337,0.0,0.41666666666666663,0.41666666666666663,0.41666666666666663,1.0,0.0,0.0,0.02,2.0,20575.8,0.0,18.58736059479554,0.0,0.7,0.30000000000000004
646,0.0,0,46,1,6,0.25,0.41666666666666663,0.0,0.5,0.08333333333333331,0.33333333333333337,0.6666666666666666,0.0,0.0,0.01,2.0,18149.3,4.0,105.57620817843866,72597.2,0.5,0.5
647,0.0,0,56,3,2,0.0,0.0,0.33333333333333337,0.6666666666666666,1.0,0.75,0.6666666666666666,0.0,1.0,0.0,4.0,32707.149999999998,4.0,18.58736059479554,130828.59999999999,0.9,0.09999999999999998
648,0.0,1,45,5,4,0.25,0.6666666666666666,0.0,0.25,0.5,0.75,0.8333333333333333,0.0,0.0,0.0,4.0,83518.75,1.5,34.85130111524164,125278.125,0.7,0.30000000000000004
650,0.0,0,63,5,98,0.25,0.08333333333333331,0.16666666666666669,0.33333333333333337,0.33333333333333337,0.9166666666666667,1.0,0.0,0.0,0.0,2.0,83518.75,4.0,86.43122676579925,334075.0,0.5,0.5
651,0.0,0,33,1,98,0.0,0.0,0.0,0.5,0.5,1.0,0.9166666666666667,0.0,0.0,0.0,1.0,18149.3,0.0,86.43122676579925,0.0,0.9,0.09999999999999998
652,0.0,0,47,5,98,0.0,1.0,1.0,0.5,0.6666666666666666,0.41666666666666663,0.6666666666666666,0.0,1.0,0.0,2.0,83518.75,4.0,86.43122676579925,334075.0,0.9,0.09999999999999998
655,0.25,1,60,4,6,0.0,0.6666666666666666,0.25,0.33333333333333337,0.08333333333333331,0.41666666666666663,0.6666666666666666,0.0,0.0,0.01,3.0,44266.95,4.0,105.57620817843866,177067.8,0.7,0.30000000000000004
657,0.25,0,36,5,6,1.0,0.0,0.0,0.5833333333333334,0.25,0.5833333333333334,0.8333333333333333,0.0,0.0,0.005,4.0,83518.75,4.0,105.57620817843866,334075.0,0.5,0.5
658,0.25,1,62,1,2,0.25,0.0,0.0,0.0,0.0,1.0,1.0,0.0,0.0,0.0,3.0,18149.3,4.0,18.58736059479554,72597.2,0.3,0.7
659,0.25,0,59,3,6,0.0,0.33333333333333337,0.0,0.33333333333333337,0.08333333333333331,0.25,0.9166666666666667,0.0,0.0,0.001,2.0,32707.149999999998,1.0,105.57620817843866,32707.149999999998,0.5,0.5
661,0.25,0,36,5,6,0.0,0.5,0.41666666666666663,0.5,0.6666666666666666,0.25,0.6666666666666666,0.0,0.0,0.0,4.0,83518.75,4.0,105.57620817843866,334075.0,0.5,0.5
662,0.25,0,62,3,98,0.0,0.0,0.08333333333333331,0.75,0.41666666666666663,0.6666666666666666,0.8333333333333333,0.0,0.0,0.005,3.0,32707.149999999998,1.0,86.43122676579925,32707.149999999998,0.3,0.7
665,0.0,0,62,4,4,0.0,0.0,0.0,0.0,0.0,1.0,1.0,0.0,0.0,0.0,3.0,44266.95,4.0,34.85130111524164,177067.8,0.7,0.30000000000000004
666,0.0,0,53,5,2,0.0,0.41666666666666663,0.25,0.5,0.5,0.5833333333333334,0.75,0.0,0.0,0.0,2.0,83518.75,4.0,18.58736059479554,334075.0,0.5,0.5
668,0.0,0,76,3,5,0.0,0.75,0.33333333333333337,0.16666666666666669,0.33333333333333337,0.75,1.0,0.0,0.0,0.0,3.0,32707.149999999998,0.0,38.38289962825279,0.0,0.7,0.30000000000000004
669,0.75,0,74,2,98,0.75,0.0,0.08333333333333331,0.33333333333333337,0.5,1.0,0.8333333333333333,0.0,0.0,0.005,2.0,20575.8,1.0,86.43122676579925,20575.8,0.1,0.9
670,0.0,0,59,4,3,0.0,0.0,0.0,0.0,0.33333333333333337,1.0,1.0,0.0,0.0,0.0,4.0,44266.95,3.0,24.442379182156134,132800.84999999998,0.1,0.9
672,0.0,0,48,5,6,0.0,0.08333333333333331,0.25,0.41666666666666663,0.25,0.41666666666666663,0.41666666666666663,0.0,0.0,0.001,4.0,83518.75,2.0,105.57620817843866,167037.5,0.5,0.5
673,0.75,0,38,2,3,0.75,0.0,0.0,0.5,0.5,0.5,0.5,0.0,0.0,0.01,2.0,20575.8,3.0,24.442379182156134,61727.399999999994,0.5,0.5
674,0.0,0,68,5,6,0.5,0.33333333333333337,0.16666666666666669,0.41666666666666663,0.16666666666666669,0.41666666666666663,0.8333333333333333,0.0,0.0,0.002,4.0,83518.75,4.0,105.57620817843866,334075.0,0.1,0.9
676,0.75,0,35,1,98,0.5,0.0,1.0,0.6666666666666666,0.75,1.0,1.0,0.0,0.0,0.01,2.0,18149.3,0.0,86.43122676579925,0.0,0.9,0.09999999999999998
677,0.0,0,47,3,98,0.0,0.0,0.0,0.75,0.5,0.5,0.5,0.0,0.0,0.0,3.0,32707.149999999998,4.0,86.43122676579925,130828.59999999999,0.5,0.5
678,0.0,0,33,5,2,0.0,0.08333333333333331,0.0,0.25,0.25,0.5,0.75,0.0,0.0,0.001,4.0,83518.75,0.0,18.58736059479554,0.0,0.1,0.9
679,0.25,1,49,1,3,0.75,0.0,0.0,0.75,0.6666666666666666,0.75,1.0,0.0,0.0,1.0,2.0,18149.3,0.0,24.442379182156134,0.0,0.9,0.09999999999999998
681,0.5,0,45,1,98,0.25,0.0,0.0,0.5,0.5833333333333334,1.0,1.0,0.0,0.0,0.1,3.0,18149.3,0.0,86.43122676579925,0.0,0.7,0.30000000000000004
682,0.0,0,34,4,6,0.75,1.0,0.9166666666666667,0.08333333333333331,0.16666666666666669,0.41666666666666663,0.5833333333333334,0.0,0.0,0.0,3.0,44266.95,4.0,105.57620817843866,177067.8,0.3,0.7
683,0.0,0,36,3,98,0.0,0.0,0.08333333333333331,0.0,0.0,1.0,1.0,0.0,0.0,0.0,2.0,32707.149999999998,0.0,86.43122676579925,0.0,0.1,0.9
687,0.0,0,53,4,98,0.25,0.0,0.0,0.08333333333333331,0.5833333333333334,0.5833333333333334,0.6666666666666666,0.0,0.0,0.0,3.0,44266.95,0.0,86.43122676579925,0.0,0.5,0.5
692,0.0,0,66,1,1,0.0,0.0,0.0,0.6666666666666666,0.5833333333333334,1.0,0.8333333333333333,0.0,0.0,0.0,2.0,18149.3,4.0,10.687732342007434,72597.2,0.7,0.30000000000000004
693,0.25,1,73,5,6,0.0,0.9166666666666667,0.41666666666666663,0.5833333333333334,0.41666666666666663,0.41666666666666663,0.6666666666666666,0.0,0.0,0.1,4.0,83518.75,4.0,105.57620817843866,334075.0,0.7,0.30000000000000004
694,0.75,1,25,4,4,0.75,0.8333333333333333,0.8333333333333333,0.8333333333333333,0.5833333333333334,0.8333333333333333,0.6666666666666666,1.0,0.0,0.002,3.0,44266.95,1.5,34.85130111524164,66400.42499999999,0.5,0.5
695,0.0,0,55,1,1,0.0,0.0,0.0,0.0,0.25,0.5833333333333334,1.0,0.0,1.0,0.0,2.0,18149.3,0.0,10.687732342007434,0.0,0.1,0.9
696,0.0,0,33,3,3,0.0,1.0,1.0,1.0,1.0,0.75,0.75,0.0,0.0,0.0,3.0,32707.149999999998,0.0,24.442379182156134,0.0,0.9,0.09999999999999998
697,0.0,0,33,5,4,0.0,0.0,0.0,0.41666666666666663,0.5833333333333334,1.0,0.6666666666666666,0.0,0.0,0.0,3.0,83518.75,1.5,34.85130111524164,125278.125,0.9,0.09999999999999998
699,0.0,0,65,4,4,0.25,0.6666666666666666,0.33333333333333337,0.6666666666666666,0.8333333333333333,0.41666666666666663,0.5833333333333334,0.0,0.0,0.001,3.0,44266.95,4.0,34.85130111524164,177067.8,0.9,0.09999999999999998
700,0.0,1,49,1,3,0.0,0.33333333333333337,0.33333333333333337,0.0,0.0,0.33333333333333337,0.75,0.0,1.0,0.0,4.0,18149.3,0.0,24.442379182156134,0.0,0.7,0.30000000000000004
703,0.0,0,21,1,1,0.25,0.41666666666666663,0.41666666666666663,0.41666666666666663,0.5833333333333334,0.41666666666666663,0.41666666666666663,0.0,0.0,0.0,2.0,18149.3,0.0,10.687732342007434,0.0,0.7,0.30000000000000004
707,0.0,1,44,5,4,0.0,0.33333333333333337,0.0,0.0,0.0,0.6666666666666666,0.9166666666666667,0.0,0.0,0.0,4.0,83518.75,2.0,34.85130111524164,167037.5,0.1,0.9
708,0.0,0,70,4,6,0.5,0.16666666666666669,0.6666666666666666,0.41666666666666663,0.5833333333333334,0.75,0.8333333333333333,0.0,0.0,0.0,2.0,44266.95,4.0,105.57620817843866,177067.8,0.7,0.30000000000000004
709,0.0,0,30,4,4,0.75,0.0,0.0,0.16666666666666669,0.08333333333333331,0.25,0.16666666666666669,0.0,0.0,0.0,3.0,44266.95,1.0,34.85130111524164,44266.95,0.3,0.7
710,0.25,0,20,2,3,0.5,0.41666666666666663,0.6666666666666666,0.5833333333333334,0.33333333333333337,0.75,0.75,0.0,0.0,0.0,2.0,20575.8,0.5,24.442379182156134,10287.9,0.5,0.5
712,0.0,0,61,4,98,0.0,0.16666666666666669,0.0,0.16666666666666669,0.08333333333333331,0.6666666666666666,0.8333333333333333,0.0,0.0,0.005,2.0,44266.95,4.0,86.43122676579925,177067.8,0.1,0.9
713,0.0,0,31,5,3,0.5,1.0,1.0,0.5833333333333334,0.41666666666666663,0.5,0.41666666666666663,0.0,0.0,0.0,2.0,83518.75,4.0,24.442379182156134,334075.0,0.9,0.09999999999999998
716,0.0,0,34,5,3,0.0,0.0,0.0,0.8333333333333333,0.75,0.9166666666666667,0.9166666666666667,0.0,0.0,0.0,2.0,83518.75,3.0,24.442379182156134,250556.25,0.1,0.9
717,0.0,0,86,5,4,0.25,0.25,0.5,0.08333333333333331,0.5833333333333334,0.5833333333333334,0.8333333333333333,0.0,0.0,0.001,2.0,83518.75,4.0,34.85130111524164,334075.0,0.1,0.9
719,0.0,0,34,3,98,0.0,0.0,0.0,0.5,0.41666666666666663,0.25,0.75,0.0,0.0,0.0,3.0,32707.149999999998,4.0,86.43122676579925,130828.59999999999,0.3,0.7
721,0.5,0,44,4,3,0.5,0.5,0.5,0.33333333333333337,0.5,0.5833333333333334,0.33333333333333337,1.0,1.0,0.002,4.0,44266.95,1.0,24.442379182156134,44266.95,0.5,0.5
723,0.25,1,50,3,4,0.0,0.16666666666666669,0.0,0.08333333333333331,0.16666666666666669,0.33333333333333337,0.9166666666666667,0.0,0.0,0.02,2.0,32707.149999999998,4.0,34.85130111524164,130828.59999999999,0.1,0.9
725,0.25,0,38,3,1,0.25,0.0,0.0,0.5833333333333334,0.41666666666666663,0.6666666666666666,0.9166666666666667,0.0,0.0,0.001,4.0,32707.149999999998,0.0,10.687732342007434,0.0,0.1,0.9
726,0.0,0,57,2,4,0.0,0.0,0.16666666666666669,0.75,0.75,1.0,0.8333333333333333,0.0,0.0,0.0,4.0,20575.8,4.0,34.85130111524164,82303.2,0.5,0.5
727,0.25,0,66,4,5,0.75,0.0,0.16666666666666669,0.25,0.75,0.5833333333333334,1.0,0.0,0.0,0.0,3.0,44266.95,3.0,38.38289962825279,132800.84999999998,0.1,0.9
728,0.0,0,56,4,4,0.5,0.0,0.0,0.6666666666666666,0.5,0.75,0.8333333333333333,0.0,0.0,0.0,2.0,44266.95,4.0,34.85130111524164,177067.8,0.9,0.09999999999999998
731,0.0,0,55,5,98,0.0,0.33333333333333337,0.25,0.33333333333333337,0.0,0.8333333333333333,0.9166666666666667,0.0,0.0,0.0,3.0,83518.75,4.0,86.43122676579925,334075.0,0.7,0.30000000000000004
733,0.0,0,46,1,2,0.0,0.0,0.0,0.41666666666666663,0.5,0.8333333333333333,0.9166666666666667,0.0,0.0,0.0,2.0,18149.3,0.0,18.58736059479554,0.0,0.3,0.7
735,0.0,0,48,2,98,0.5,0.0,0.0,0.6666666666666666,0.75,0.9166666666666667,0.9166666666666667,0.0,0.0,0.0,4.0,20575.8,0.0,86.43122676579925,0.0,0.3,0.7
739,0.0,1,19,3,2,0.5,0.41666666666666663,0.5833333333333334,0.75,0.5833333333333334,0.6666666666666666,0.41666666666666663,1.0,0.0,0.0,2.0,32707.149999999998,2.0,18.58736059479554,65414.299999999996,0.7,0.30000000000000004
740,0.0,0,31,3,2,0.75,0.0,0.0,1.0,1.0,0.9166666666666667,0.8333333333333333,0.0,0.0,0.1,3.0,32707.149999999998,0.0,18.58736059479554,0.0,0.7,0.30000000000000004
741,1.0,0,37,1,98,0.75,0.0,0.0,0.0,0.0,1.0,1.0,0.0,0.0,0.0,2.0,18149.3,0.0,86.43122676579925,0.0,0.1,0.9
742,0.0,0,42,5,6,0.25,0.0,0.0,0.5,0.5,1.0,1.0,0.0,0.0,0.0,3.0,83518.75,2.0,105.57620817843866,167037.5,0.7,0.30000000000000004
