,age,Level_Education,income_category,annual_income,savings,house_size
3,35,1.0,5,70443.25,281773.0,106.31970260223048
5,74,1.0,1,19740.899999999998,9870.449999999999,17.37918215613383
6,56,2.0,2,22794.149999999998,0.0,26.30111524163569
7,70,2.0,5,70443.25,281773.0,106.31970260223048
8,57,4.0,5,70443.25,105664.875,10.037174721189592
9,53,3.0,3,27976.05,27976.05,106.31970260223048
10,35,2.0,2,22794.149999999998,0.0,17.37918215613383
11,62,3.0,5,70443.25,70443.25,30.576208178438662
12,37,3.0,5,70443.25,0.0,106.31970260223048
14,27,2.0,4,42658.1,21329.05,35.96654275092937
15,65,4.0,5,70443.25,281773.0,17.37918215613383
16,49,2.0,5,70443.25,0.0,17.37918215613383
17,75,4.0,4,42658.1,170632.4,106.31970260223048
19,39,2.0,3,27976.05,0.0,106.31970260223048
24,63,2.0,5,70443.25,281773.0,106.31970260223048
26,55,2.0,2,22794.149999999998,91176.59999999999,35.96654275092937
29,51,4.0,1,19740.899999999998,19740.899999999998,30.576208178438662
30,67,4.0,1,19740.899999999998,0.0,35.96654275092937
31,19,2.0,5,70443.25,211329.75,30.576208178438662
32,77,3.0,3,27976.05,111904.2,35.96654275092937
36,64,2.0,4,42658.1,85316.2,26.30111524163569
37,41,4.0,5,70443.25,140886.5,106.31970260223048
40,49,4.0,1,19740.899999999998,78963.59999999999,106.31970260223048
44,72,3.0,3,27976.05,111904.2,35.96654275092937
46,51,3.0,2,22794.149999999998,0.0,35.96654275092937
49,54,3.0,5,70443.25,211329.75,30.576208178438662
51,41,4.0,3,27976.05,55952.1,35.594795539033456
52,50,4.0,5,70443.25,140886.5,106.31970260223048
53,59,3.0,5,70443.25,0.0,106.31970260223048
54,68,2.0,3,27976.05,111904.2,106.31970260223048
56,60,4.0,2,22794.149999999998,91176.59999999999,106.31970260223048
57,56,2.0,3,27976.05,55952.1,35.96654275092937
58,69,3.0,2,22794.149999999998,68382.45,35.594795539033456
61,69,4.0,4,42658.1,170632.4,106.31970260223048
65,65,3.0,3,27976.05,111904.2,106.31970260223048
66,56,2.0,5,70443.25,35221.625,35.594795539033456
67,66,4.0,4,42658.1,170632.4,106.31970260223048
69,60,4.0,4,42658.1,170632.4,26.30111524163569
70,73,4.0,2,22794.149999999998,91176.59999999999,106.31970260223048
74,39,1.0,4,42658.1,21329.05,35.96654275092937
75,59,3.0,1,19740.899999999998,0.0,10.037174721189592
77,58,3.0,4,42658.1,127974.29999999999,30.576208178438662
79,63,2.0,5,70443.25,140886.5,30.576208178438662
82,73,4.0,3,27976.05,111904.2,17.37918215613383
83,73,2.0,2,22794.149999999998,45588.299999999996,35.594795539033456
84,59,2.0,5,70443.25,281773.0,106.31970260223048
85,58,3.0,1,19740.899999999998,78963.59999999999,35.96654275092937
86,61,3.0,2,22794.149999999998,0.0,106.31970260223048
87,56,4.0,5,70443.25,281773.0,106.31970260223048
89,67,3.0,5,70443.25,281773.0,106.31970260223048
90,54,3.0,3,27976.05,0.0,17.37918215613383
91,53,4.0,1,19740.899999999998,0.0,35.594795539033456
92,58,2.0,2,22794.149999999998,91176.59999999999,106.31970260223048
94,63,4.0,1,19740.899999999998,0.0,26.30111524163569
95,57,2.0,3,27976.05,111904.2,106.31970260223048
97,62,2.0,5,70443.25,281773.0,106.31970260223048
98,68,4.0,4,42658.1,170632.4,106.31970260223048
100,41,4.0,5,70443.25,281773.0,106.31970260223048
103,69,3.0,4,42658.1,170632.4,106.31970260223048
104,55,3.0,4,42658.1,85316.2,106.31970260223048
105,58,3.0,4,42658.1,170632.4,35.96654275092937
106,76,2.0,3,27976.05,55952.1,106.31970260223048
108,70,1.0,4,42658.1,170632.4,35.594795539033456
109,54,3.0,2,22794.149999999998,0.0,30.576208178438662
110,65,2.0,4,42658.1,170632.4,35.594795539033456
111,68,2.0,4,42658.1,170632.4,30.576208178438662
112,64,3.0,4,42658.1,170632.4,26.30111524163569
113,70,4.0,4,42658.1,170632.4,106.31970260223048
114,80,4.0,5,70443.25,281773.0,106.31970260223048
115,66,2.0,2,22794.149999999998,91176.59999999999,106.31970260223048
117,34,2.0,5,70443.25,281773.0,17.37918215613383
118,62,4.0,5,70443.25,281773.0,35.96654275092937
119,51,3.0,2,22794.149999999998,22794.149999999998,17.37918215613383
122,64,2.0,2,22794.149999999998,91176.59999999999,106.31970260223048
123,76,4.0,2,22794.149999999998,91176.59999999999,106.31970260223048
124,30,3.0,5,70443.25,281773.0,26.30111524163569
125,71,1.0,2,22794.149999999998,0.0,35.96654275092937
126,85,2.0,5,70443.25,281773.0,106.31970260223048
127,70,3.0,4,42658.1,170632.4,106.31970260223048
129,72,3.0,3,27976.05,13988.025,106.31970260223048
131,67,3.0,4,42658.1,170632.4,35.594795539033456
132,67,2.0,1,19740.899999999998,0.0,35.594795539033456
135,80,4.0,4,42658.1,170632.4,106.31970260223048
139,77,4.0,5,70443.25,281773.0,106.31970260223048
140,89,3.0,2,22794.149999999998,91176.59999999999,10.037174721189592
141,44,3.0,5,70443.25,281773.0,35.594795539033456
142,27,3.0,2,22794.149999999998,11397.074999999999,17.37918215613383
144,46,4.0,5,70443.25,281773.0,106.31970260223048
146,33,4.0,4,42658.1,0.0,35.96654275092937
147,48,3.0,5,70443.25,281773.0,30.576208178438662
151,44,3.0,5,70443.25,0.0,35.96654275092937
158,42,4.0,5,70443.25,140886.5,17.37918215613383
160,73,4.0,5,70443.25,281773.0,106.31970260223048
163,77,3.0,1,19740.899999999998,19740.899999999998,10.037174721189592
166,23,3.0,5,70443.25,281773.0,30.576208178438662
167,61,4.0,5,70443.25,281773.0,106.31970260223048
169,37,4.0,4,42658.1,0.0,10.037174721189592
171,51,2.0,4,42658.1,170632.4,106.31970260223048
172,42,2.0,4,42658.1,0.0,35.96654275092937
173,56,3.0,5,70443.25,211329.75,106.31970260223048
176,55,3.0,5,70443.25,0.0,106.31970260223048
177,73,2.0,5,70443.25,281773.0,106.31970260223048
178,32,3.0,5,70443.25,105664.875,35.96654275092937
180,57,3.0,5,70443.25,281773.0,106.31970260223048
181,52,2.0,4,42658.1,21329.05,17.37918215613383
183,18,3.0,3,27976.05,55952.1,17.37918215613383
185,31,3.0,3,27976.05,13988.025,35.594795539033456
187,58,4.0,5,70443.25,281773.0,30.576208178438662
188,61,3.0,5,70443.25,281773.0,106.31970260223048
191,29,4.0,5,70443.25,281773.0,17.37918215613383
192,46,4.0,4,42658.1,63987.149999999994,35.96654275092937
195,44,3.0,5,70443.25,70443.25,17.37918215613383
196,46,2.0,5,70443.25,281773.0,30.576208178438662
199,54,3.0,3,27976.05,55952.1,106.31970260223048
200,67,3.0,5,70443.25,281773.0,106.31970260223048
201,63,2.0,4,42658.1,170632.4,106.31970260223048
203,57,3.0,5,70443.25,281773.0,35.594795539033456
204,39,4.0,4,42658.1,170632.4,26.30111524163569
205,71,4.0,4,42658.1,85316.2,35.594795539033456
207,71,4.0,5,70443.25,140886.5,26.30111524163569
210,63,2.0,1,19740.899999999998,0.0,26.30111524163569
211,29,4.0,5,70443.25,281773.0,17.37918215613383
213,47,3.0,4,42658.1,170632.4,35.594795539033456
216,28,2.0,3,27976.05,111904.2,106.31970260223048
218,53,3.0,3,27976.05,111904.2,26.30111524163569
219,36,3.0,1,19740.899999999998,0.0,35.96654275092937
221,59,1.0,3,27976.05,41964.075,26.30111524163569
222,69,3.0,5,70443.25,281773.0,35.96654275092937
223,50,4.0,5,70443.25,0.0,10.037174721189592
224,43,3.0,2,22794.149999999998,91176.59999999999,26.30111524163569
226,64,4.0,5,70443.25,281773.0,106.31970260223048
229,33,4.0,5,70443.25,105664.875,35.96654275092937
232,24,3.0,5,70443.25,281773.0,10.037174721189592
233,54,4.0,5,70443.25,281773.0,35.96654275092937
237,36,2.0,2,22794.149999999998,0.0,30.576208178438662
238,50,2.0,1,19740.899999999998,0.0,17.37918215613383
242,56,1.0,1,19740.899999999998,78963.59999999999,106.31970260223048
243,67,2.0,5,70443.25,281773.0,30.576208178438662
244,50,2.0,1,19740.899999999998,0.0,30.576208178438662
245,37,4.0,5,70443.25,281773.0,35.96654275092937
246,52,3.0,5,70443.25,211329.75,17.37918215613383
247,69,4.0,4,42658.1,170632.4,35.96654275092937
252,50,3.0,3,27976.05,0.0,106.31970260223048
253,39,4.0,5,70443.25,281773.0,10.037174721189592
255,48,4.0,5,70443.25,281773.0,106.31970260223048
256,70,4.0,5,70443.25,211329.75,26.30111524163569
263,65,4.0,5,70443.25,281773.0,35.96654275092937
265,49,3.0,3,27976.05,111904.2,35.96654275092937
266,55,3.0,4,42658.1,42658.1,35.96654275092937
267,38,3.0,5,70443.25,70443.25,10.037174721189592
268,24,4.0,5,70443.25,281773.0,106.31970260223048
270,33,3.0,5,70443.25,140886.5,106.31970260223048
271,59,4.0,1,19740.899999999998,78963.59999999999,106.31970260223048
272,50,3.0,5,70443.25,281773.0,30.576208178438662
274,80,4.0,2,22794.149999999998,91176.59999999999,30.576208178438662
275,30,4.0,5,70443.25,281773.0,106.31970260223048
278,46,4.0,5,70443.25,281773.0,106.31970260223048
279,35,3.0,5,70443.25,281773.0,106.31970260223048
286,19,2.0,5,70443.25,281773.0,17.37918215613383
290,64,3.0,1,19740.899999999998,9870.449999999999,10.037174721189592
291,71,3.0,3,27976.05,111904.2,35.594795539033456
292,30,4.0,5,70443.25,35221.625,35.594795539033456
293,80,2.0,3,27976.05,111904.2,35.96654275092937
294,36,3.0,5,70443.25,0.0,106.31970260223048
295,30,3.0,2,22794.149999999998,22794.149999999998,17.37918215613383
296,31,3.0,5,70443.25,211329.75,106.31970260223048
297,33,3.0,1,19740.899999999998,0.0,26.30111524163569
299,71,4.0,4,42658.1,127974.29999999999,35.96654275092937
301,38,4.0,5,70443.25,281773.0,26.30111524163569
302,75,4.0,3,27976.05,41964.075,35.96654275092937
303,52,3.0,5,70443.25,281773.0,106.31970260223048
304,65,4.0,5,70443.25,281773.0,17.37918215613383
306,67,3.0,5,70443.25,281773.0,26.30111524163569
309,62,3.0,1,19740.899999999998,78963.59999999999,35.96654275092937
312,25,4.0,5,70443.25,281773.0,10.037174721189592
316,24,3.0,1,19740.899999999998,0.0,10.037174721189592
319,32,3.0,4,42658.1,85316.2,17.37918215613383
320,55,3.0,1,19740.899999999998,9870.449999999999,35.96654275092937
322,76,2.0,2,22794.149999999998,45588.299999999996,35.594795539033456
323,27,4.0,2,22794.149999999998,22794.149999999998,35.96654275092937
324,68,3.0,3,27976.05,0.0,35.594795539033456
325,72,3.0,5,70443.25,211329.75,30.576208178438662
326,42,2.0,4,42658.1,0.0,35.96654275092937
327,35,3.0,3,27976.05,0.0,26.30111524163569
330,31,3.0,5,70443.25,211329.75,26.30111524163569
332,42,2.0,4,42658.1,0.0,10.037174721189592
340,42,3.0,5,70443.25,105664.875,26.30111524163569
341,37,2.0,5,70443.25,70443.25,26.30111524163569
343,62,4.0,5,70443.25,35221.625,35.96654275092937
344,39,3.0,1,19740.899999999998,0.0,106.31970260223048
346,28,3.0,3,27976.05,83928.15,106.31970260223048
348,78,4.0,4,42658.1,21329.05,106.31970260223048
349,37,2.0,2,22794.149999999998,0.0,10.037174721189592
350,57,1.0,1,19740.899999999998,0.0,35.96654275092937
356,71,1.0,4,42658.1,170632.4,30.576208178438662
357,34,4.0,3,27976.05,13988.025,26.30111524163569
358,42,2.0,3,27976.05,0.0,35.96654275092937
360,54,2.0,3,27976.05,13988.025,26.30111524163569
361,58,2.0,1,19740.899999999998,0.0,35.96654275092937
362,69,3.0,3,27976.05,83928.15,26.30111524163569
363,58,4.0,4,42658.1,0.0,35.96654275092937
366,66,2.0,1,19740.899999999998,78963.59999999999,10.037174721189592
368,72,4.0,1,19740.899999999998,0.0,26.30111524163569
370,52,1.0,4,42658.1,0.0,26.30111524163569
371,57,3.0,4,42658.1,127974.29999999999,106.31970260223048
372,73,2.0,2,22794.149999999998,45588.299999999996,17.37918215613383
374,28,4.0,5,70443.25,211329.75,35.96654275092937
376,51,4.0,2,22794.149999999998,0.0,10.037174721189592
379,61,3.0,5,70443.25,281773.0,30.576208178438662
381,76,3.0,2,22794.149999999998,91176.59999999999,106.31970260223048
386,32,3.0,5,70443.25,140886.5,35.96654275092937
387,57,4.0,5,70443.25,211329.75,35.96654275092937
389,58,3.0,2,22794.149999999998,45588.299999999996,30.576208178438662
391,42,3.0,2,22794.149999999998,0.0,26.30111524163569
392,34,4.0,5,70443.25,211329.75,35.96654275092937
393,79,2.0,1,19740.899999999998,0.0,106.31970260223048
395,65,2.0,5,70443.25,281773.0,26.30111524163569
399,28,4.0,5,70443.25,281773.0,35.96654275092937
401,50,2.0,1,19740.899999999998,0.0,26.30111524163569
402,50,2.0,1,19740.899999999998,19740.899999999998,10.037174721189592
404,66,4.0,4,42658.1,0.0,30.576208178438662
405,57,4.0,3,27976.05,111904.2,106.31970260223048
406,69,3.0,5,70443.25,281773.0,106.31970260223048
408,20,2.0,2,22794.149999999998,0.0,35.96654275092937
411,60,2.0,1,19740.899999999998,0.0,26.30111524163569
412,42,3.0,5,70443.25,0.0,106.31970260223048
413,56,3.0,3,27976.05,0.0,26.30111524163569
414,53,2.0,2,22794.149999999998,11397.074999999999,10.037174721189592
416,48,4.0,1,19740.899999999998,0.0,106.31970260223048
417,49,2.0,4,42658.1,85316.2,17.37918215613383
420,42,3.0,4,42658.1,170632.4,17.37918215613383
421,58,2.0,2,22794.149999999998,0.0,35.96654275092937
422,49,4.0,3,27976.05,111904.2,106.31970260223048
424,25,4.0,3,27976.05,111904.2,26.30111524163569
430,44,2.0,3,27976.05,0.0,30.576208178438662
434,25,2.0,1,19740.899999999998,9870.449999999999,35.96654275092937
436,54,2.0,4,42658.1,63987.149999999994,26.30111524163569
440,69,3.0,2,22794.149999999998,22794.149999999998,35.96654275092937
441,72,3.0,1,19740.899999999998,0.0,10.037174721189592
442,32,3.0,5,70443.25,281773.0,106.31970260223048
443,32,3.0,5,70443.25,105664.875,26.30111524163569
445,77,3.0,3,27976.05,111904.2,106.31970260223048
446,40,3.0,4,42658.1,170632.4,30.576208178438662
449,52,3.0,3,27976.05,111904.2,26.30111524163569
451,68,4.0,5,70443.25,281773.0,106.31970260223048
452,34,3.0,4,42658.1,21329.05,35.96654275092937
454,57,2.0,1,19740.899999999998,0.0,35.96654275092937
457,44,3.0,1,19740.899999999998,0.0,35.96654275092937
458,56,2.0,1,19740.899999999998,19740.899999999998,26.30111524163569
459,63,4.0,5,70443.25,281773.0,106.31970260223048
461,56,2.0,2,22794.149999999998,0.0,35.594795539033456
462,58,2.0,3,27976.05,13988.025,17.37918215613383
463,69,3.0,4,42658.1,170632.4,35.96654275092937
465,41,2.0,5,70443.25,281773.0,26.30111524163569
467,65,2.0,2,22794.149999999998,91176.59999999999,35.96654275092937
469,20,2.0,5,70443.25,281773.0,106.31970260223048
471,38,2.0,2,22794.149999999998,11397.074999999999,35.96654275092937
477,61,2.0,5,70443.25,281773.0,26.30111524163569
478,68,2.0,5,70443.25,35221.625,30.576208178438662
481,71,4.0,4,42658.1,170632.4,26.30111524163569
483,35,2.0,5,70443.25,281773.0,35.594795539033456
484,35,2.0,2,22794.149999999998,0.0,10.037174721189592
485,34,2.0,4,42658.1,42658.1,35.96654275092937
486,73,4.0,5,70443.25,281773.0,106.31970260223048
487,42,2.0,4,42658.1,170632.4,35.594795539033456
488,28,4.0,3,27976.05,111904.2,106.31970260223048
489,60,2.0,4,42658.1,170632.4,30.576208178438662
494,41,3.0,4,42658.1,0.0,26.30111524163569
495,64,3.0,5,70443.25,281773.0,26.30111524163569
496,20,2.0,5,70443.25,0.0,106.31970260223048
497,53,2.0,4,42658.1,0.0,106.31970260223048
499,31,3.0,5,70443.25,211329.75,35.594795539033456
501,68,3.0,4,42658.1,170632.4,106.31970260223048
502,69,1.0,1,19740.899999999998,0.0,17.37918215613383
506,66,2.0,1,19740.899999999998,0.0,35.96654275092937
507,86,2.0,4,42658.1,170632.4,106.31970260223048
510,27,2.0,4,42658.1,170632.4,17.37918215613383
514,62,2.0,1,19740.899999999998,0.0,35.96654275092937
515,35,3.0,4,42658.1,85316.2,10.037174721189592
519,35,4.0,4,42658.1,127974.29999999999,35.96654275092937
520,56,2.0,5,70443.25,211329.75,106.31970260223048
523,62,2.0,3,27976.05,111904.2,35.96654275092937
524,37,3.0,1,19740.899999999998,0.0,17.37918215613383
526,61,1.0,5,70443.25,211329.75,35.96654275092937
527,56,3.0,3,27976.05,111904.2,17.37918215613383
528,24,4.0,5,70443.25,281773.0,106.31970260223048
530,67,3.0,5,70443.25,281773.0,35.96654275092937
531,45,3.0,5,70443.25,281773.0,10.037174721189592
533,39,2.0,4,42658.1,127974.29999999999,17.37918215613383
536,47,2.0,3,27976.05,0.0,26.30111524163569
538,27,4.0,5,70443.25,211329.75,26.30111524163569
540,50,3.0,3,27976.05,27976.05,35.96654275092937
541,35,4.0,4,42658.1,85316.2,106.31970260223048
542,66,3.0,2,22794.149999999998,91176.59999999999,106.31970260223048
544,67,3.0,2,22794.149999999998,91176.59999999999,30.576208178438662
547,52,3.0,2,22794.149999999998,0.0,17.37918215613383
548,49,3.0,5,70443.25,35221.625,106.31970260223048
550,58,3.0,5,70443.25,0.0,26.30111524163569
551,77,4.0,5,70443.25,281773.0,106.31970260223048
553,64,2.0,2,22794.149999999998,91176.59999999999,35.594795539033456
554,50,2.0,3,27976.05,0.0,30.576208178438662
555,21,2.0,1,19740.899999999998,39481.799999999996,35.96654275092937
556,75,4.0,5,70443.25,281773.0,35.594795539033456
557,62,2.0,5,70443.25,281773.0,35.594795539033456
559,43,4.0,5,70443.25,0.0,106.31970260223048
560,30,4.0,1,19740.899999999998,0.0,35.96654275092937
562,50,4.0,3,27976.05,55952.1,26.30111524163569
563,42,4.0,2,22794.149999999998,0.0,106.31970260223048
567,44,4.0,3,27976.05,0.0,26.30111524163569
568,55,2.0,3,27976.05,111904.2,30.576208178438662
569,63,2.0,4,42658.1,170632.4,30.576208178438662
570,69,4.0,2,22794.149999999998,68382.45,106.31970260223048
571,70,1.0,2,22794.149999999998,0.0,26.30111524163569
572,54,4.0,5,70443.25,105664.875,35.96654275092937
573,39,3.0,1,19740.899999999998,0.0,17.37918215613383
574,61,4.0,5,70443.25,281773.0,35.594795539033456
575,55,3.0,4,42658.1,0.0,106.31970260223048
576,59,2.0,1,19740.899999999998,19740.899999999998,26.30111524163569
579,62,4.0,5,70443.25,281773.0,35.96654275092937
580,36,3.0,5,70443.25,0.0,106.31970260223048
583,52,2.0,3,27976.05,0.0,17.37918215613383
585,58,4.0,4,42658.1,127974.29999999999,26.30111524163569
586,66,4.0,2,22794.149999999998,91176.59999999999,26.30111524163569
587,68,3.0,2,22794.149999999998,91176.59999999999,106.31970260223048
588,61,3.0,1,19740.899999999998,39481.799999999996,35.96654275092937
589,41,4.0,5,70443.25,211329.75,35.96654275092937
590,43,3.0,4,42658.1,0.0,26.30111524163569
591,50,3.0,4,42658.1,0.0,26.30111524163569
593,79,3.0,4,42658.1,170632.4,106.31970260223048
594,67,3.0,3,27976.05,111904.2,35.96654275092937
595,49,3.0,2,22794.149999999998,91176.59999999999,17.37918215613383
597,55,2.0,1,19740.899999999998,9870.449999999999,35.96654275092937
600,33,3.0,5,70443.25,35221.625,35.96654275092937
601,63,4.0,5,70443.25,211329.75,106.31970260223048
603,29,4.0,5,70443.25,140886.5,106.31970260223048
604,63,2.0,4,42658.1,170632.4,106.31970260223048
606,67,4.0,3,27976.05,111904.2,106.31970260223048
607,58,3.0,5,70443.25,281773.0,106.31970260223048
608,35,3.0,2,22794.149999999998,34191.225,10.037174721189592
609,58,3.0,4,42658.1,170632.4,35.96654275092937
611,67,3.0,5,70443.25,281773.0,106.31970260223048
612,71,2.0,4,42658.1,170632.4,26.30111524163569
615,29,3.0,3,27976.05,27976.05,35.594795539033456
617,74,4.0,4,42658.1,170632.4,30.576208178438662
618,67,4.0,3,27976.05,111904.2,106.31970260223048
620,24,2.0,3,27976.05,0.0,35.96654275092937
622,23,2.0,1,19740.899999999998,0.0,35.96654275092937
623,49,4.0,5,70443.25,211329.75,17.37918215613383
624,55,2.0,2,22794.149999999998,0.0,26.30111524163569
625,43,4.0,1,19740.899999999998,0.0,35.96654275092937
627,46,2.0,5,70443.25,140886.5,35.96654275092937
630,25,2.0,5,70443.25,35221.625,35.96654275092937
631,28,3.0,5,70443.25,281773.0,35.594795539033456
633,73,2.0,2,22794.149999999998,91176.59999999999,30.576208178438662
635,56,3.0,2,22794.149999999998,0.0,35.594795539033456
636,24,4.0,1,19740.899999999998,0.0,17.37918215613383
637,75,4.0,4,42658.1,127974.29999999999,106.31970260223048
638,68,4.0,5,70443.25,281773.0,106.31970260223048
640,73,2.0,4,42658.1,170632.4,106.31970260223048
641,66,4.0,4,42658.1,170632.4,30.576208178438662
642,35,4.0,4,42658.1,0.0,35.96654275092937
643,52,2.0,2,22794.149999999998,0.0,17.37918215613383
646,46,2.0,1,19740.899999999998,78963.59999999999,106.31970260223048
647,56,4.0,3,27976.05,111904.2,17.37918215613383
648,45,4.0,5,70443.25,105664.875,30.576208178438662
650,63,2.0,5,70443.25,281773.0,35.96654275092937
651,33,1.0,1,19740.899999999998,0.0,35.96654275092937
652,47,2.0,5,70443.25,281773.0,35.96654275092937
655,60,3.0,4,42658.1,170632.4,106.31970260223048
657,36,4.0,5,70443.25,281773.0,106.31970260223048
658,62,3.0,1,19740.899999999998,78963.59999999999,17.37918215613383
659,59,2.0,3,27976.05,27976.05,106.31970260223048
661,36,4.0,5,70443.25,281773.0,106.31970260223048
662,62,3.0,3,27976.05,27976.05,35.96654275092937
665,62,3.0,4,42658.1,170632.4,30.576208178438662
666,53,2.0,5,70443.25,281773.0,17.37918215613383
668,76,3.0,3,27976.05,0.0,35.594795539033456
669,74,2.0,2,22794.149999999998,22794.149999999998,35.96654275092937
670,59,4.0,4,42658.1,127974.29999999999,26.30111524163569
672,48,4.0,5,70443.25,140886.5,106.31970260223048
673,38,2.0,2,22794.149999999998,68382.45,26.30111524163569
674,68,4.0,5,70443.25,281773.0,106.31970260223048
676,35,2.0,1,19740.899999999998,0.0,35.96654275092937
677,47,3.0,3,27976.05,111904.2,35.96654275092937
678,33,4.0,5,70443.25,0.0,17.37918215613383
679,49,2.0,1,19740.899999999998,0.0,26.30111524163569
681,45,3.0,1,19740.899999999998,0.0,35.96654275092937
682,34,3.0,4,42658.1,170632.4,106.31970260223048
683,36,2.0,3,27976.05,0.0,35.96654275092937
687,53,3.0,4,42658.1,0.0,35.96654275092937
692,66,2.0,1,19740.899999999998,78963.59999999999,10.037174721189592
693,73,4.0,5,70443.25,281773.0,106.31970260223048
694,25,3.0,4,42658.1,63987.149999999994,30.576208178438662
695,55,2.0,1,19740.899999999998,0.0,10.037174721189592
696,33,3.0,3,27976.05,0.0,26.30111524163569
697,33,3.0,5,70443.25,105664.875,30.576208178438662
699,65,3.0,4,42658.1,170632.4,30.576208178438662
700,49,4.0,1,19740.899999999998,0.0,26.30111524163569
703,21,2.0,1,19740.899999999998,0.0,10.037174721189592
707,44,4.0,5,70443.25,140886.5,30.576208178438662
708,70,2.0,4,42658.1,170632.4,106.31970260223048
709,30,3.0,4,42658.1,42658.1,30.576208178438662
710,20,2.0,2,22794.149999999998,11397.074999999999,26.30111524163569
712,61,2.0,4,42658.1,170632.4,35.96654275092937
713,31,2.0,5,70443.25,281773.0,26.30111524163569
716,34,2.0,5,70443.25,211329.75,26.30111524163569
717,86,2.0,5,70443.25,281773.0,30.576208178438662
719,34,3.0,3,27976.05,111904.2,35.96654275092937
721,44,4.0,4,42658.1,42658.1,26.30111524163569
723,50,2.0,3,27976.05,111904.2,30.576208178438662
725,38,4.0,3,27976.05,0.0,10.037174721189592
726,57,4.0,2,22794.149999999998,91176.59999999999,30.576208178438662
727,66,3.0,4,42658.1,127974.29999999999,35.594795539033456
728,56,2.0,4,42658.1,170632.4,30.576208178438662
731,55,3.0,5,70443.25,281773.0,35.96654275092937
733,46,2.0,1,19740.899999999998,0.0,17.37918215613383
735,48,4.0,2,22794.149999999998,0.0,35.96654275092937
739,19,2.0,3,27976.05,55952.1,17.37918215613383
740,31,3.0,3,27976.05,0.0,17.37918215613383
741,37,2.0,1,19740.899999999998,0.0,35.96654275092937
742,42,3.0,5,70443.25,140886.5,106.31970260223048
